[{"pk": 4, "model": "contenttypes.contenttype", "fields": {"model": "contenttype", "name": "content type", "app_label": "contenttypes"}}, 
{"pk": 11, "model": "contenttypes.contenttype", "fields": {"model": "employee", "name": "employee", "app_label": "orgchartapp"}}, {"pk": 2, "model": "contenttypes.contenttype", "fields": {"model": "group", "name": "group", "app_label": "auth"}}, {"pk": 7, "model": "contenttypes.contenttype", "fields": {"model": "logentry", "name": "log entry", "app_label": "admin"}}, {"pk": 1, "model": "contenttypes.contenttype", "fields": {"model": "permission", "name": "permission", "app_label": "auth"}}, {"pk": 12, "model": "contenttypes.contenttype", "fields": {"model": "reportingrelationship", "name": "reporting relationship", "app_label": "orgchartapp"}}, {"pk": 5, "model": "contenttypes.contenttype", "fields": {"model": "session", "name": "session", "app_label": "sessions"}}, {"pk": 6, "model": "contenttypes.contenttype", "fields": {"model": "site", "name": "site", "app_label": "sites"}}, {"pk": 3, "model": "contenttypes.contenttype", "fields": {"model": "user", "name": "user", "app_label": "auth"}}, {"pk": "32a8eb0e2bf1bba5f7a607ab2f2d369f", "model": "sessions.session", "fields": {"expire_date": "2012-06-05T15:34:56Z", "session_data": "MTA2ZDY5OTgyMTcxYTVjY2VkOWNhM2RhYzFlZWMyZTkzNmVkMzcwODqAAn1xAShVEl9hdXRoX3Vz\nZXJfYmFja2VuZHECVSlkamFuZ28uY29udHJpYi5hdXRoLmJhY2tlbmRzLk1vZGVsQmFja2VuZHED\nVQ1fYXV0aF91c2VyX2lkcQRLAXUu\n"}}, {"pk": "9e43f7641c019b3535d9450f3e2ffa25", "model": "sessions.session", "fields": {"expire_date": "2012-06-20T15:43:47Z", "session_data": "ZDExYjA0ZDE5Nzc5YmE1NTNiMmU1NWQ0NGQwMDgyZTA2OWE4NzU0YjqAAn1xAVUKdGVzdGNvb2tp\nZXECVQZ3b3JrZWRxA3Mu\n"}}, {"pk": "96cf8a5bf76b9532f62167d56926b35d", "model": "sessions.session", "fields": {"expire_date": "2012-06-20T15:45:28Z", "session_data": "MTA2ZDY5OTgyMTcxYTVjY2VkOWNhM2RhYzFlZWMyZTkzNmVkMzcwODqAAn1xAShVEl9hdXRoX3Vz\nZXJfYmFja2VuZHECVSlkamFuZ28uY29udHJpYi5hdXRoLmJhY2tlbmRzLk1vZGVsQmFja2VuZHED\nVQ1fYXV0aF91c2VyX2lkcQRLAXUu\n"}}, {"pk": "c83e5b756aacfc3e5c864ef151d184f5", "model": "sessions.session", "fields": {"expire_date": "2012-06-25T18:18:56Z", "session_data": "YTJjYzI5YTU3YzllYmNiZDQ0ZTRhN2EyYTA2YThlZWU0MDRjNjVkZDqAAn1xAShVEl9hdXRoX3Vz\nZXJfYmFja2VuZHECVSlkamFuZ28uY29udHJpYi5hdXRoLmJhY2tlbmRzLk1vZGVsQmFja2VuZHED\nVQ1fYXV0aF91c2VyX2lkcQSKAQF1Lg==\n"}}, {"pk": "ee4933f092d33e92780c1d748b0c2e8a", "model": "sessions.session", "fields": {"expire_date": "2012-06-25T20:19:46Z", "session_data": "NTBiODNkNzFhOTdjZmEwNzU0YmMyNjI0NWUzMTBiY2VlODFlMjNhNDqAAn1xAS4=\n"}}, {"pk": 1, "model": "sites.site", "fields": {"domain": "example.com", "name": "example.com"}}, {"pk": 1, "model": "orgchartapp.employee", "fields": {"contractor": false, "part_time_status": false, "full_name": "Marc Frons", "job_title": "CIO, SVP"}}, {"pk": 2, "model": "orgchartapp.employee", "fields": {"contractor": false, "part_time_status": false, "full_name": "Rajiv Pant", "job_title": "CTO, VP"}}, {"pk": 3, "model": "orgchartapp.employee", "fields": {"contractor": false, "part_time_status": false, "full_name": "Karim Meddahi", "job_title": "VP Infrastructure"}}, {"pk": 4, "model": "orgchartapp.employee", "fields": {"contractor": false, "part_time_status": false, "full_name": "Brian Murphy", "job_title": "VP Engineering"}}, {"pk": 5, "model": "orgchartapp.employee", "fields": {"contractor": false, "part_time_status": false, "full_name": "Mike Higgins", "job_title": "Chief Security Officer, VP"}}, {"pk": 6, "model": "orgchartapp.employee", "fields": {"contractor": false, "part_time_status": false, "full_name": "Gary Sebel", "job_title": "Director, Security"}}, {"pk": 7, "model": "orgchartapp.employee", "fields": {"contractor": false, "part_time_status": false, "full_name": "Jill Abramson", "job_title": "Executive Editor"}}, {"pk": 8, "model": "orgchartapp.employee", "fields": {"contractor": false, "part_time_status": false, "full_name": "Denise Warren", "job_title": "SVP"}}, {"pk": 9, "model": "orgchartapp.employee", "fields": {"contractor": false, "part_time_status": false, "full_name": "Jim Dryfoos", "job_title": "Associate Director, Project Management"}}, {"pk": 10, "model": "orgchartapp.employee", "fields": {"contractor": false, "part_time_status": false, "full_name": "Mark O'Callaghan", "job_title": "Director, Project Management"}}, {"pk": 11, "model": "orgchartapp.employee", "fields": {"contractor": false, "part_time_status": false, "full_name": "Jagdish Reddy", "job_title": "Director, Quality"}}, {"pk": 12, "model": "orgchartapp.employee", "fields": {"contractor": false, "part_time_status": false, "full_name": "Cameron Brown", "job_title": "Director, Ecommerce Technology"}}, {"pk": 13, "model": "orgchartapp.employee", "fields": {"contractor": false, "part_time_status": false, "full_name": "Deepak Mohite", "job_title": "Managing Director, Advertising Technology"}}, {"pk": 14, "model": "orgchartapp.employee", "fields": {"contractor": false, "part_time_status": false, "full_name": "John Tighe", "job_title": "Managing Director, Business Systems"}}, {"pk": 15, "model": "orgchartapp.employee", "fields": {"contractor": false, "part_time_status": false, "full_name": "Cindy Taibi", "job_title": "Group Director, Advertising & Business Technology"}}, {"pk": 16, "model": "orgchartapp.employee", "fields": {"contractor": false, "part_time_status": true, "full_name": "Mike Wilson", "job_title": "Director, Porfolio Management Office"}}, {"pk": 17, "model": "orgchartapp.employee", "fields": {"contractor": false, "part_time_status": false, "full_name": "Judy Gross", "job_title": "VP, Strategy"}}, {"pk": 18, "model": "orgchartapp.employee", "fields": {"contractor": false, "part_time_status": false, "full_name": "David Perpich", "job_title": "VP, Product"}}, {"pk": 19, "model": "orgchartapp.employee", "fields": {"contractor": false, "part_time_status": false, "full_name": "Rob Larson", "job_title": "VP, Search & Digital Production"}}, {"pk": 20, "model": "orgchartapp.employee", "fields": {"contractor": false, "part_time_status": false, "full_name": "Brian Davenport", "job_title": "Managing Director, Shared Services Center"}}, {"pk": 21, "model": "orgchartapp.employee", "fields": {"contractor": false, "part_time_status": false, "full_name": "Marguerite Brown-Toohey", "job_title": "Financial Director"}}, {"pk": 22, "model": "orgchartapp.employee", "fields": {"contractor": false, "part_time_status": false, "full_name": "Karen Schmidt", "job_title": "Office Manager & Executive Assistant"}}, {"pk": 23, "model": "orgchartapp.employee", "fields": {"contractor": false, "part_time_status": false, "full_name": "Brian Weigler", "job_title": "End User Services"}}, {"pk": 24, "model": "orgchartapp.employee", "fields": {"contractor": false, "part_time_status": false, "full_name": "Felix Favorito", "job_title": "Enterprise Network & Storage Services"}}, {"pk": 25, "model": "orgchartapp.employee", "fields": {"contractor": false, "part_time_status": false, "full_name": "Joel Beglieter", "job_title": "Enterprise Hosting & Computing Services"}}, {"pk": 26, "model": "orgchartapp.employee", "fields": {"contractor": false, "part_time_status": false, "full_name": "Vadim Jelezniakov", "job_title": "Executive Director, nytimes.com Infrastructure"}}, {"pk": 27, "model": "orgchartapp.employee", "fields": {"contractor": false, "part_time_status": false, "full_name": "Stephen Balducci", "job_title": "Shared Services & Program Management"}}, {"pk": 28, "model": "orgchartapp.employee", "fields": {"contractor": false, "part_time_status": false, "full_name": "Alex Castro", "job_title": "Network Administration"}}, {"pk": 29, "model": "orgchartapp.employee", "fields": {"contractor": true, "part_time_status": false, "full_name": "David Wang", "job_title": "Sr. Database Administrator"}}, {"pk": 30, "model": "orgchartapp.employee", "fields": {"contractor": false, "part_time_status": false, "full_name": "Brian Hamman", "job_title": "Interactive News"}}, {"pk": 31, "model": "orgchartapp.employee", "fields": {"contractor": false, "part_time_status": false, "full_name": "Tyson Evans", "job_title": "Interactive News"}}, {"pk": 32, "model": "orgchartapp.employee", "fields": {"contractor": false, "part_time_status": false, "full_name": "Aron Pihofer", "job_title": "Executive Director & Editor, Interactive News"}}, {"pk": 33, "model": "orgchartapp.employee", "fields": {"contractor": false, "part_time_status": false, "full_name": "Brad Kagawa", "job_title": "VP Technology, Print & Digital Editorial Systems"}}, {"pk": 34, "model": "orgchartapp.employee", "fields": {"contractor": false, "part_time_status": false, "full_name": "Tahir Khan", "job_title": "Director, Business Intelligence"}}, {"pk": 35, "model": "orgchartapp.employee", "fields": {"contractor": false, "part_time_status": false, "full_name": "Jason Phelps", "job_title": "Manager"}}, 
{"pk": 36, "model": "orgchartapp.employee", "fields": {"contractor": false, "part_time_status": false, "full_name": "Greg Felice", "job_title": "Sr. Manager, Process Architecture"}}, 
{"pk": 37, "model": "orgchartapp.employee", "fields": {"contractor": false, "part_time_status": false, "full_name": "Anniesa Singh", "job_title": "Administrative Assitant"}}, 
{"pk": 38, "model": "orgchartapp.employee", "fields": {"contractor": false, "part_time_status": false, "full_name": "TBD", "job_title": "VP, Ecommerce Technology"}}, 
{"pk": 39, "model": "orgchartapp.employee", "fields": {"contractor": false, "part_time_status": false, "full_name": "Ian Moore", "job_title": "Group Director"}}, 
{"pk": 40, "model": "orgchartapp.employee", "fields": {"contractor": false, "part_time_status": false, "full_name": "Lilia Tovbin", "job_title": "Associate Director"}}, {"pk": 41, "model": "orgchartapp.employee", "fields": {"contractor": false, "part_time_status": false, "full_name": "Mark Gmunder", "job_title": "Print Publishing, News & Marketing Systems"}}, {"pk": 42, "model": "orgchartapp.employee", "fields": {"contractor": false, "part_time_status": false, "full_name": "Luke Vnenchak", "job_title": "Director, CMS"}}, {"pk": 43, "model": "orgchartapp.employee", "fields": {"contractor": false, "part_time_status": false, "full_name": "Rachel Berger", "job_title": "Associate Director, Program Management"}}, {"pk": 44, "model": "orgchartapp.employee", "fields": {"contractor": false, "part_time_status": false, "full_name": "Chris Utz", "job_title": "Sr. Software Architect"}}, {"pk": 45, "model": "orgchartapp.employee", "fields": {"contractor": false, "part_time_status": false, "full_name": "Satya", "job_title": "Database Engineer"}}, {"pk": 46, "model": "orgchartapp.employee", "fields": {"contractor": false, "part_time_status": false, "full_name": "Sharon Sokoloff", "job_title": "Director, Data Warehousing"}}, {"pk": 47, "model": "orgchartapp.employee", "fields": {"contractor": false, "part_time_status": false, "full_name": "Russ Simpkins", "job_title": "Manager, Technology"}}, {"pk": 48, "model": "orgchartapp.employee", "fields": {"contractor": false, "part_time_status": false, "full_name": "Ben Gerst", "job_title": "Executive Director, Technology"}}, {"pk": 49, "model": "orgchartapp.employee", "fields": {"contractor": false, "part_time_status": false, "full_name": "Mike Finkel", "job_title": "Executive Director, Technology"}}, {"pk": 50, "model": "orgchartapp.employee", "fields": {"contractor": false, "part_time_status": false, "full_name": "Jon Oden", "job_title": "Director, Technology"}}, {"pk": 51, "model": "orgchartapp.employee", "fields": {"contractor": false, "part_time_status": false, "full_name": "Scott Heekin-Canedy", "job_title": "President & General Manager, The New York Times"}}, {"pk": 52, "model": "orgchartapp.employee", "fields": {"contractor": false, "part_time_status": false, "full_name": "Padma Akella", "job_title": "Software Architect"}}, {"pk": 53, "model": "orgchartapp.employee", "fields": {"contractor": false, "part_time_status": false, "full_name": "Ashwin Singh", "job_title": "Manager, Quality Assurance"}}, {"pk": 54, "model": "orgchartapp.employee", "fields": {"contractor": false, "part_time_status": false, "full_name": "Julius Sarkozy", "job_title": "Program Manager, Ecommerce Technology"}}, {"pk": 55, "model": "orgchartapp.employee", "fields": {"contractor": false, "part_time_status": false, "full_name": "Arthur Sulzberger, Jr.", "job_title": "Publisher, Chairman & CEO"}}, {"pk": 56, "model": "orgchartapp.employee", "fields": {"contractor": false, "part_time_status": false, "full_name": "Marci Windsheimer", "job_title": "Knowledge Manager"}}, {"pk": 57, "model": "orgchartapp.employee", "fields": {"contractor": false, "part_time_status": false, "full_name": "Brad Stenger", "job_title": "Developer  Advocate"}}, {"pk": 58, "model": "orgchartapp.employee", "fields": {"contractor": false, "part_time_status": false, "full_name": "Joseph Fiore", "job_title": "Technical Writer"}}, {"pk": 59, "model": "orgchartapp.employee", "fields": {"contractor": false, "part_time_status": false, "full_name": "Darylin Mclaughhin", "job_title": "Compliance Manager"}}, {"pk": 60, "model": "orgchartapp.employee", "fields": {"contractor": false, "part_time_status": false, "full_name": "Victor Bonato", "job_title": "Sr. Security Analyst"}}, {"pk": 61, "model": "orgchartapp.employee", "fields": {"contractor": false, "part_time_status": false, "full_name": "Rustom Dadachanji", "job_title": "Security Analyst"}}, {"pk": 62, "model": "orgchartapp.employee", "fields": {"contractor": false, "part_time_status": false, "full_name": "OPEN", "job_title": "Jr. Security Analyst"}}, {"pk": 63, "model": "orgchartapp.employee", "fields": {"contractor": false, "part_time_status": false, "full_name": "Paul Wu", "job_title": "Manager Basis & SAP Security"}}, {"pk": 64, "model": "orgchartapp.employee", "fields": {"contractor": false, "part_time_status": false, "full_name": "Elvin Torres", "job_title": "Systems Director"}}, {"pk": 65, "model": "orgchartapp.employee", "fields": {"contractor": false, "part_time_status": false, "full_name": "David Doolittle", "job_title": "BI Tech Architect"}}, {"pk": 66, "model": "orgchartapp.employee", "fields": {"contractor": false, "part_time_status": false, "full_name": "Tom Demuyt", "job_title": "Development Lead"}}, {"pk": 67, "model": "orgchartapp.employee", "fields": {"contractor": false, "part_time_status": false, "full_name": "Rachel Goldstein", "job_title": "Manager"}}, {"pk": 68, "model": "orgchartapp.employee", "fields": {"contractor": false, "part_time_status": false, "full_name": "Susan Chou", "job_title": "Sr. Systems Analyst"}}, {"pk": 69, "model": "orgchartapp.employee", "fields": {"contractor": false, "part_time_status": false, "full_name": "Ed Migueles", "job_title": "Sr. Systems Analyst"}}, {"pk": 70, "model": "orgchartapp.employee", "fields": {"contractor": false, "part_time_status": false, "full_name": "Tim Gilbert", "job_title": "NY Interface"}}, {"pk": 71, "model": "orgchartapp.employee", "fields": {"contractor": false, "part_time_status": false, "full_name": "Shui Cho", "job_title": "Adv and FI"}}, {"pk": 72, "model": "orgchartapp.employee", "fields": {"contractor": false, "part_time_status": false, "full_name": "Ed Koenig", "job_title": "Pricing, Orders and Products"}}, {"pk": 73, "model": "orgchartapp.employee", "fields": {"contractor": false, "part_time_status": false, "full_name": "Li Yang", "job_title": "BP and Contracts"}}, {"pk": 74, "model": "orgchartapp.employee", "fields": {"contractor": false, "part_time_status": false, "full_name": "Tina Morales", "job_title": "Classified, OCM and MAMC"}}, {"pk": 75, "model": "orgchartapp.employee", "fields": {"contractor": false, "part_time_status": false, "full_name": "Donna Fazio", "job_title": "Contract Management"}}, {"pk": 76, "model": "orgchartapp.employee", "fields": {"contractor": false, "part_time_status": false, "full_name": "Maya Prabhu", "job_title": "ABAP & Java"}}, {"pk": 77, "model": "orgchartapp.employee", "fields": {"contractor": false, "part_time_status": false, "full_name": "Valerie Lodi", "job_title": "ABAP"}}, {"pk": 78, "model": "orgchartapp.employee", "fields": {"contractor": false, "part_time_status": false, "full_name": "Raju Indukuru", "job_title": "Java"}}, {"pk": 79, "model": "orgchartapp.employee", "fields": {"contractor": false, "part_time_status": false, "full_name": "Ganesh Sudaram", "job_title": "ABAP"}}, {"pk": 80, "model": "orgchartapp.employee", "fields": {"contractor": false, "part_time_status": false, "full_name": "Tina Abad", "job_title": "Portals Function"}}, {"pk": 81, "model": "orgchartapp.employee", "fields": {"contractor": false, "part_time_status": false, "full_name": "Hiren Parekh", "job_title": "Portals and MAMC"}}, {"pk": 82, "model": "orgchartapp.employee", "fields": {"contractor": false, "part_time_status": false, "full_name": "Sebin Thomas", "job_title": "XI Developer"}}, {"pk": 83, "model": "orgchartapp.employee", "fields": {"contractor": false, "part_time_status": false, "full_name": "Michael Rojas", "job_title": "SFDC"}}, {"pk": 84, "model": "orgchartapp.employee", "fields": {"contractor": false, "part_time_status": false, "full_name": "Anthony Lo Pomo", "job_title": "Sr. Systems Analyst"}}, {"pk": 85, "model": "orgchartapp.employee", "fields": {"contractor": false, "part_time_status": false, "full_name": "Haris Agha", "job_title": "Systems Analyst"}}, {"pk": 86, "model": "orgchartapp.employee", "fields": {"contractor": false, "part_time_status": false, "full_name": "Dennis Walsh", "job_title": "Sr. Systems Analyst"}}, {"pk": 87, "model": "orgchartapp.employee", "fields": {"contractor": false, "part_time_status": false, "full_name": "Mike Glantzberg", "job_title": "Director Single Copy Data & Analytics Systems"}}, {"pk": 88, "model": "orgchartapp.employee", "fields": {"contractor": false, "part_time_status": false, "full_name": "Ed Scena", "job_title": "Director Single Copy Software Development"}}, {"pk": 89, "model": "orgchartapp.employee", "fields": {"contractor": false, "part_time_status": false, "full_name": "Stan Seymore", "job_title": "Manager Payroll Systems"}}, {"pk": 90, "model": "orgchartapp.employee", "fields": {"contractor": false, "part_time_status": false, "full_name": "Steve Bartenope", "job_title": "Manager"}}, {"pk": 91, "model": "orgchartapp.employee", "fields": {"contractor": false, "part_time_status": false, "full_name": "Brian Hauff", "job_title": "Manager of Financial & Core App"}}, {"pk": 92, "model": "orgchartapp.employee", "fields": {"contractor": false, "part_time_status": false, "full_name": "Al Pastore", "job_title": "Manager of POS"}}, {"pk": 93, "model": "orgchartapp.employee", "fields": {"contractor": false, "part_time_status": false, "full_name": "Noel Fuentes", "job_title": "Systems Analyst"}}, {"pk": 94, "model": "orgchartapp.employee", "fields": {"contractor": false, "part_time_status": false, "full_name": "Sundhar L.", "job_title": "Sr. Systems Analyst"}}, {"pk": 95, "model": "orgchartapp.employee", "fields": {"contractor": false, "part_time_status": false, "full_name": "Michael Chu", "job_title": "Systems Analyst"}}, {"pk": 96, "model": "orgchartapp.employee", "fields": {"contractor": false, "part_time_status": false, "full_name": "Photis Zissimatos", "job_title": "Sr. Systems Analyst"}}, {"pk": 97, "model": "orgchartapp.employee", "fields": {"contractor": false, "part_time_status": false, "full_name": "Mark Howell", "job_title": "Systems Analyst"}}, {"pk": 98, "model": "orgchartapp.employee", "fields": {"contractor": false, "part_time_status": false, "full_name": "Tammy Szyba", "job_title": "Financial Manager Pay Model"}}, {"pk": 99, "model": "orgchartapp.employee", "fields": {"contractor": false, "part_time_status": false, "full_name": "Elaine McWhinney-St. Louis", "job_title": "Financial Manager"}}, {"pk": 100, "model": "orgchartapp.employee", "fields": {"contractor": false, "part_time_status": false, "full_name": "William Yeung", "job_title": "Financial Analyst"}}, {"pk": 101, "model": "orgchartapp.employee", "fields": {"contractor": false, "part_time_status": false, "full_name": "Luke Vnenchak", "job_title": "Director, Web Publishing & News Systems"}}, {"pk": 102, "model": "orgchartapp.employee", "fields": {"contractor": false, "part_time_status": false, "full_name": "Mark Gmunder", "job_title": "Marketing, Print Publishing & News Systems"}}, {"pk": 103, "model": "orgchartapp.employee", "fields": {"contractor": false, "part_time_status": false, "full_name": "Rachel Berger", "job_title": "Program Manager"}}, {"pk": 104, "model": "orgchartapp.employee", "fields": {"contractor": false, "part_time_status": false, "full_name": "Roger Caplan", "job_title": "Software Arch."}}, {"pk": 105, "model": "orgchartapp.employee", "fields": {"contractor": true, "part_time_status": false, "full_name": "Sandeep Saran", "job_title": "INFOSYS Onshore Project Manager"}}, {"pk": 106, "model": "orgchartapp.employee", "fields": {"contractor": false, "part_time_status": false, "full_name": "Brian Lavery", "job_title": "ADX Reporting"}}, {"pk": 107, "model": "orgchartapp.employee", "fields": {"contractor": true, "part_time_status": false, "full_name": "David Reinke", "job_title": "BI Architect"}}, {"pk": 108, "model": "orgchartapp.employee", "fields": {"contractor": false, "part_time_status": false, "full_name": "Eric Krangel", "job_title": "Sr. Business Analyst"}}, {"pk": 109, "model": "orgchartapp.employee", "fields": {"contractor": false, "part_time_status": false, "full_name": "Stephanie Yass", "job_title": "Assistant"}}, {"pk": 110, "model": "orgchartapp.employee", "fields": {"contractor": false, "part_time_status": false, "full_name": "Saibal Patra", "job_title": "Manager Products / Optimization"}}, {"pk": 111, "model": "orgchartapp.employee", "fields": {"contractor": false, "part_time_status": false, "full_name": "Rao Dumpeti", "job_title": "Manager Infra / Architecture"}}, {"pk": 112, "model": "orgchartapp.employee", "fields": {"contractor": false, "part_time_status": false, "full_name": "Kirk Gordon", "job_title": "Lead Video Engineer"}}, {"pk": 113, "model": "orgchartapp.employee", "fields": {"contractor": false, "part_time_status": false, "full_name": "David Erwin", "job_title": "Lead Technologist Ad Innovation"}}, {"pk": 114, "model": "orgchartapp.employee", "fields": {"contractor": false, "part_time_status": false, "full_name": "Eric Schorr", "job_title": "Lead Developer, Games"}}, {"pk": 115, "model": "orgchartapp.employee", "fields": {"contractor": false, "part_time_status": false, "full_name": "Maan Najjar", "job_title": "Games"}}, {"pk": 116, "model": "orgchartapp.employee", "fields": {"contractor": false, "part_time_status": false, "full_name": "Clint Fisher", "job_title": "Web Developer"}}, {"pk": 117, "model": "orgchartapp.employee", "fields": {"contractor": false, "part_time_status": false, "full_name": "Marcin Suterski", "job_title": "Software Arch."}}, {"pk": 118, "model": "orgchartapp.employee", "fields": {"contractor": false, "part_time_status": false, "full_name": "Sigfirido Chirinos", "job_title": "Web Developer"}}, {"pk": 119, "model": "orgchartapp.employee", "fields": {"contractor": false, "part_time_status": false, "full_name": "Patrick Fontillas", "job_title": "Web Developer"}}, {"pk": 120, "model": "orgchartapp.employee", "fields": {"contractor": false, "part_time_status": false, "full_name": "Ezell Burke", "job_title": "Web Developer"}}, {"pk": 121, "model": "orgchartapp.employee", "fields": {"contractor": false, "part_time_status": false, "full_name": "Timothy Helck", "job_title": "Software Engineer"}}, {"pk": 122, "model": "orgchartapp.employee", "fields": {"contractor": false, "part_time_status": false, "full_name": "Joe Williams", "job_title": "Web Developer"}}, {"pk": 123, "model": "orgchartapp.employee", "fields": {"contractor": false, "part_time_status": false, "full_name": "OPEN", "job_title": "Sr. JS Engineer"}}, {"pk": 124, "model": "orgchartapp.employee", "fields": {"contractor": false, "part_time_status": false, "full_name": "OPEN", "job_title": "Software Engineer"}}, {"pk": 125, "model": "orgchartapp.employee", "fields": {"contractor": false, "part_time_status": false, "full_name": "Wayne Ginion", "job_title": "VP, Strategic Sourcing"}}, {"pk": 1, "model": "orgchartapp.reportingrelationship", "fields": {"employee": 2, "supervisor": 1, "dotted": false}}, {"pk": 2, "model": "orgchartapp.reportingrelationship", "fields": {"employee": 3, "supervisor": 1, "dotted": false}}, {"pk": 3, "model": "orgchartapp.reportingrelationship", "fields": {"employee": 4, "supervisor": 2, "dotted": false}}, {"pk": 4, "model": "orgchartapp.reportingrelationship", "fields": {"employee": 5, "supervisor": 1, "dotted": false}}, {"pk": 5, "model": "orgchartapp.reportingrelationship", "fields": {"employee": 6, "supervisor": 5, "dotted": false}}, {"pk": 6, "model": "orgchartapp.reportingrelationship", "fields": {"employee": 2, "supervisor": 7, "dotted": true}}, {"pk": 7, "model": "orgchartapp.reportingrelationship", "fields": {"employee": 1, "supervisor": 8, "dotted": false}}, {"pk": 8, "model": "orgchartapp.reportingrelationship", "fields": {"employee": 9, "supervisor": 10, "dotted": false}}, {"pk": 9, "model": "orgchartapp.reportingrelationship", "fields": {"employee": 10, "supervisor": 2, "dotted": false}}, {"pk": 10, "model": "orgchartapp.reportingrelationship", "fields": {"employee": 11, "supervisor": 2, "dotted": false}}, {"pk": 12, "model": "orgchartapp.reportingrelationship", "fields": {"employee": 13, "supervisor": 15, "dotted": false}}, {"pk": 13, "model": "orgchartapp.reportingrelationship", "fields": {"employee": 14, "supervisor": 15, "dotted": false}}, {"pk": 14, "model": "orgchartapp.reportingrelationship", "fields": {"employee": 15, "supervisor": 1, "dotted": false}}, {"pk": 15, "model": "orgchartapp.reportingrelationship", "fields": {"employee": 16, "supervisor": 1, "dotted": false}}, {"pk": 16, "model": "orgchartapp.reportingrelationship", "fields": {"employee": 17, "supervisor": 1, "dotted": false}}, {"pk": 17, "model": "orgchartapp.reportingrelationship", "fields": {"employee": 18, "supervisor": 1, "dotted": false}}, {"pk": 18, "model": "orgchartapp.reportingrelationship", "fields": {"employee": 19, "supervisor": 1, "dotted": false}}, {"pk": 19, "model": "orgchartapp.reportingrelationship", "fields": {"employee": 20, "supervisor": 1, "dotted": true}}, {"pk": 20, "model": "orgchartapp.reportingrelationship", "fields": {"employee": 21, "supervisor": 1, "dotted": true}}, {"pk": 21, "model": "orgchartapp.reportingrelationship", "fields": {"employee": 22, "supervisor": 1, "dotted": false}}, {"pk": 22, "model": "orgchartapp.reportingrelationship", "fields": {"employee": 23, "supervisor": 3, "dotted": false}}, {"pk": 23, "model": "orgchartapp.reportingrelationship", "fields": {"employee": 24, "supervisor": 3, "dotted": false}}, {"pk": 24, "model": "orgchartapp.reportingrelationship", "fields": {"employee": 25, "supervisor": 3, "dotted": false}}, {"pk": 25, "model": "orgchartapp.reportingrelationship", "fields": {"employee": 26, "supervisor": 3, "dotted": false}}, {"pk": 26, "model": "orgchartapp.reportingrelationship", "fields": {"employee": 27, "supervisor": 3, "dotted": false}}, {"pk": 27, "model": "orgchartapp.reportingrelationship", "fields": {"employee": 28, "supervisor": 3, "dotted": false}}, {"pk": 28, "model": "orgchartapp.reportingrelationship", "fields": {"employee": 29, "supervisor": 3, "dotted": false}}, {"pk": 29, "model": "orgchartapp.reportingrelationship", "fields": {"employee": 30, "supervisor": 32, "dotted": false}}, {"pk": 30, "model": "orgchartapp.reportingrelationship", "fields": {"employee": 31, "supervisor": 32, "dotted": false}}, {"pk": 31, "model": "orgchartapp.reportingrelationship", "fields": {"employee": 35, "supervisor": 36, "dotted": false}}, {"pk": 32, "model": "orgchartapp.reportingrelationship", "fields": {"employee": 32, "supervisor": 2, "dotted": false}}, {"pk": 33, "model": "orgchartapp.reportingrelationship", "fields": {"employee": 33, "supervisor": 2, "dotted": false}}, {"pk": 34, "model": "orgchartapp.reportingrelationship", "fields": {"employee": 34, "supervisor": 2, "dotted": false}}, {"pk": 35, "model": "orgchartapp.reportingrelationship", "fields": {"employee": 36, "supervisor": 2, "dotted": false}}, {"pk": 36, "model": "orgchartapp.reportingrelationship", "fields": {"employee": 37, "supervisor": 2, "dotted": false}}, {"pk": 37, "model": "orgchartapp.reportingrelationship", "fields": {"employee": 12, "supervisor": 38, "dotted": false}}, {"pk": 38, "model": "orgchartapp.reportingrelationship", "fields": {"employee": 38, "supervisor": 2, "dotted": false}}, {"pk": 39, "model": "orgchartapp.reportingrelationship", "fields": {"employee": 39, "supervisor": 38, "dotted": false}}, {"pk": 41, "model": "orgchartapp.reportingrelationship", "fields": {"employee": 45, "supervisor": 46, "dotted": false}}, {"pk": 42, "model": "orgchartapp.reportingrelationship", "fields": {"employee": 44, "supervisor": 34, "dotted": false}}, {"pk": 43, "model": "orgchartapp.reportingrelationship", "fields": {"employee": 46, "supervisor": 34, "dotted": false}}, {"pk": 44, "model": "orgchartapp.reportingrelationship", "fields": {"employee": 47, "supervisor": 48, "dotted": false}}, {"pk": 45, "model": "orgchartapp.reportingrelationship", "fields": {"employee": 48, "supervisor": 4, "dotted": false}}, {"pk": 46, "model": "orgchartapp.reportingrelationship", "fields": {"employee": 40, "supervisor": 38, "dotted": false}}, {"pk": 47, "model": "orgchartapp.reportingrelationship", "fields": {"employee": 49, "supervisor": 4, "dotted": false}}, {"pk": 48, "model": "orgchartapp.reportingrelationship", "fields": {"employee": 50, "supervisor": 4, "dotted": false}}, {"pk": 49, "model": "orgchartapp.reportingrelationship", "fields": {"employee": 8, "supervisor": 51, "dotted": false}}, {"pk": 50, "model": "orgchartapp.reportingrelationship", "fields": {"employee": 52, "supervisor": 34, "dotted": false}}, {"pk": 51, "model": "orgchartapp.reportingrelationship", "fields": {"employee": 53, "supervisor": 11, "dotted": false}}, {"pk": 52, "model": "orgchartapp.reportingrelationship", "fields": {"employee": 54, "supervisor": 38, "dotted": false}}, {"pk": 53, "model": "orgchartapp.reportingrelationship", "fields": {"employee": 51, "supervisor": 55, "dotted": false}}, {"pk": 54, "model": "orgchartapp.reportingrelationship", "fields": {"employee": 56, "supervisor": 48, "dotted": false}}, {"pk": 55, "model": "orgchartapp.reportingrelationship", "fields": {"employee": 57, "supervisor": 56, "dotted": false}}, {"pk": 56, "model": "orgchartapp.reportingrelationship", "fields": {"employee": 58, "supervisor": 56, "dotted": false}}, {"pk": 57, "model": "orgchartapp.reportingrelationship", "fields": {"employee": 59, "supervisor": 5, "dotted": false}}, {"pk": 58, "model": "orgchartapp.reportingrelationship", "fields": {"employee": 60, "supervisor": 5, "dotted": false}}, {"pk": 59, "model": "orgchartapp.reportingrelationship", "fields": {"employee": 61, "supervisor": 5, "dotted": false}}, {"pk": 60, "model": "orgchartapp.reportingrelationship", "fields": {"employee": 62, "supervisor": 5, "dotted": false}}, {"pk": 61, "model": "orgchartapp.reportingrelationship", "fields": {"employee": 63, "supervisor": 13, "dotted": false}}, {"pk": 62, "model": "orgchartapp.reportingrelationship", "fields": {"employee": 64, "supervisor": 13, "dotted": false}}, {"pk": 63, "model": "orgchartapp.reportingrelationship", "fields": {"employee": 65, "supervisor": 13, "dotted": false}}, {"pk": 64, "model": "orgchartapp.reportingrelationship", "fields": {"employee": 66, "supervisor": 13, "dotted": false}}, {"pk": 65, "model": "orgchartapp.reportingrelationship", "fields": {"employee": 67, "supervisor": 13, "dotted": false}}, {"pk": 66, "model": "orgchartapp.reportingrelationship", "fields": {"employee": 68, "supervisor": 63, "dotted": false}}, {"pk": 67, "model": "orgchartapp.reportingrelationship", "fields": {"employee": 69, "supervisor": 63, "dotted": false}}, {"pk": 68, "model": "orgchartapp.reportingrelationship", "fields": {"employee": 70, "supervisor": 64, "dotted": false}}, {"pk": 69, "model": "orgchartapp.reportingrelationship", "fields": {"employee": 71, "supervisor": 64, "dotted": false}}, {"pk": 70, "model": "orgchartapp.reportingrelationship", "fields": {"employee": 72, "supervisor": 64, "dotted": false}}, {"pk": 71, "model": "orgchartapp.reportingrelationship", "fields": {"employee": 73, "supervisor": 64, "dotted": false}}, {"pk": 72, "model": "orgchartapp.reportingrelationship", "fields": {"employee": 74, "supervisor": 64, "dotted": false}}, {"pk": 73, "model": "orgchartapp.reportingrelationship", "fields": {"employee": 75, "supervisor": 64, "dotted": false}}, {"pk": 74, "model": "orgchartapp.reportingrelationship", "fields": {"employee": 76, "supervisor": 66, "dotted": false}}, {"pk": 75, "model": "orgchartapp.reportingrelationship", "fields": {"employee": 77, "supervisor": 66, "dotted": false}}, {"pk": 76, "model": "orgchartapp.reportingrelationship", "fields": {"employee": 78, "supervisor": 66, "dotted": false}}, {"pk": 77, "model": "orgchartapp.reportingrelationship", "fields": {"employee": 79, "supervisor": 66, "dotted": false}}, {"pk": 78, "model": "orgchartapp.reportingrelationship", "fields": {"employee": 80, "supervisor": 66, "dotted": false}}, {"pk": 79, "model": "orgchartapp.reportingrelationship", "fields": {"employee": 81, "supervisor": 66, "dotted": false}}, {"pk": 80, "model": "orgchartapp.reportingrelationship", "fields": {"employee": 82, "supervisor": 66, "dotted": false}}, {"pk": 81, "model": "orgchartapp.reportingrelationship", "fields": {"employee": 83, "supervisor": 66, "dotted": false}}, {"pk": 82, "model": "orgchartapp.reportingrelationship", "fields": {"employee": 84, "supervisor": 67, "dotted": false}}, {"pk": 83, "model": "orgchartapp.reportingrelationship", "fields": {"employee": 85, "supervisor": 67, "dotted": false}}, {"pk": 84, "model": "orgchartapp.reportingrelationship", "fields": {"employee": 86, "supervisor": 67, "dotted": false}}, {"pk": 85, "model": "orgchartapp.reportingrelationship", "fields": {"employee": 87, "supervisor": 14, "dotted": false}}, {"pk": 86, "model": "orgchartapp.reportingrelationship", "fields": {"employee": 88, "supervisor": 14, "dotted": false}}, {"pk": 87, "model": "orgchartapp.reportingrelationship", "fields": {"employee": 89, "supervisor": 14, "dotted": false}}, {"pk": 88, "model": "orgchartapp.reportingrelationship", "fields": {"employee": 90, "supervisor": 14, "dotted": false}}, {"pk": 89, "model": "orgchartapp.reportingrelationship", "fields": {"employee": 91, "supervisor": 88, "dotted": false}}, {"pk": 90, "model": "orgchartapp.reportingrelationship", "fields": {"employee": 92, "supervisor": 88, "dotted": false}}, {"pk": 91, "model": "orgchartapp.reportingrelationship", "fields": {"employee": 93, "supervisor": 91, "dotted": false}}, {"pk": 92, "model": "orgchartapp.reportingrelationship", "fields": {"employee": 94, "supervisor": 92, "dotted": false}}, {"pk": 93, "model": "orgchartapp.reportingrelationship", "fields": {"employee": 95, "supervisor": 89, "dotted": false}}, {"pk": 94, "model": "orgchartapp.reportingrelationship", "fields": {"employee": 96, "supervisor": 89, "dotted": false}}, {"pk": 95, "model": "orgchartapp.reportingrelationship", "fields": {"employee": 97, "supervisor": 90, "dotted": false}}, {"pk": 96, "model": "orgchartapp.reportingrelationship", "fields": {"employee": 98, "supervisor": 21, "dotted": false}}, {"pk": 97, "model": "orgchartapp.reportingrelationship", "fields": {"employee": 99, "supervisor": 21, "dotted": false}}, {"pk": 98, "model": "orgchartapp.reportingrelationship", "fields": {"employee": 100, "supervisor": 99, "dotted": false}}, {"pk": 99, "model": "orgchartapp.reportingrelationship", "fields": {"employee": 101, "supervisor": 33, "dotted": false}}, {"pk": 100, "model": "orgchartapp.reportingrelationship", "fields": {"employee": 102, "supervisor": 33, "dotted": false}}, {"pk": 101, "model": "orgchartapp.reportingrelationship", "fields": {"employee": 103, "supervisor": 33, "dotted": false}}, {"pk": 102, "model": "orgchartapp.reportingrelationship", "fields": {"employee": 104, "supervisor": 33, "dotted": false}}, {"pk": 103, "model": "orgchartapp.reportingrelationship", "fields": {"employee": 105, "supervisor": 33, "dotted": false}}, {"pk": 104, "model": "orgchartapp.reportingrelationship", "fields": {"employee": 106, "supervisor": 34, "dotted": false}}, {"pk": 105, "model": "orgchartapp.reportingrelationship", "fields": {"employee": 107, "supervisor": 34, "dotted": false}}, {"pk": 106, "model": "orgchartapp.reportingrelationship", "fields": {"employee": 108, "supervisor": 34, "dotted": false}}, {"pk": 107, "model": "orgchartapp.reportingrelationship", "fields": {"employee": 109, "supervisor": 4, "dotted": false}}, {"pk": 108, "model": "orgchartapp.reportingrelationship", "fields": {"employee": 110, "supervisor": 50, "dotted": false}}, {"pk": 109, "model": "orgchartapp.reportingrelationship", "fields": {"employee": 111, "supervisor": 50, "dotted": false}}, {"pk": 110, "model": "orgchartapp.reportingrelationship", "fields": {"employee": 112, "supervisor": 50, "dotted": false}}, {"pk": 111, "model": "orgchartapp.reportingrelationship", "fields": {"employee": 113, "supervisor": 50, "dotted": false}}, {"pk": 112, "model": "orgchartapp.reportingrelationship", "fields": {"employee": 114, "supervisor": 50, "dotted": false}}, {"pk": 113, "model": "orgchartapp.reportingrelationship", "fields": {"employee": 115, "supervisor": 50, "dotted": false}}, {"pk": 114, "model": "orgchartapp.reportingrelationship", "fields": {"employee": 116, "supervisor": 40, "dotted": false}}, {"pk": 115, "model": "orgchartapp.reportingrelationship", "fields": {"employee": 117, "supervisor": 40, "dotted": false}}, {"pk": 116, "model": "orgchartapp.reportingrelationship", "fields": {"employee": 118, "supervisor": 40, "dotted": false}}, {"pk": 117, "model": "orgchartapp.reportingrelationship", "fields": {"employee": 119, "supervisor": 40, "dotted": false}}, {"pk": 118, "model": "orgchartapp.reportingrelationship", "fields": {"employee": 120, "supervisor": 40, "dotted": false}}, {"pk": 119, "model": "orgchartapp.reportingrelationship", "fields": {"employee": 121, "supervisor": 40, "dotted": false}}, {"pk": 120, "model": "orgchartapp.reportingrelationship", "fields": {"employee": 122, "supervisor": 40, "dotted": false}}, {"pk": 121, "model": "orgchartapp.reportingrelationship", "fields": {"employee": 123, "supervisor": 40, "dotted": false}}, {"pk": 122, "model": "orgchartapp.reportingrelationship", "fields": {"employee": 124, "supervisor": 40, "dotted": false}}, {"pk": 123, "model": "orgchartapp.reportingrelationship", "fields": {"employee": 125, "supervisor": 1, "dotted": false}}, {"pk": 19, "model": "auth.permission", "fields": {"codename": "add_logentry", "name": "Can add log entry", "content_type": 7}}, {"pk": 20, "model": "auth.permission", "fields": {"codename": "change_logentry", "name": "Can change log entry", "content_type": 7}}, {"pk": 21, "model": "auth.permission", "fields": {"codename": "delete_logentry", "name": "Can delete log entry", "content_type": 7}}, {"pk": 1, "model": "auth.permission", "fields": {"codename": "add_group", "name": "Can add group", "content_type": 2}}, {"pk": 4, "model": "auth.permission", "fields": {"codename": "change_group", "name": "Can change group", "content_type": 2}}, {"pk": 7, "model": "auth.permission", "fields": {"codename": "delete_group", "name": "Can delete group", "content_type": 2}}, {"pk": 2, "model": "auth.permission", "fields": {"codename": "add_permission", "name": "Can add permission", "content_type": 1}}, {"pk": 5, "model": "auth.permission", "fields": {"codename": "change_permission", "name": "Can change permission", "content_type": 1}}, {"pk": 8, "model": "auth.permission", "fields": {"codename": "delete_permission", "name": "Can delete permission", "content_type": 1}}, {"pk": 3, "model": "auth.permission", "fields": {"codename": "add_user", "name": "Can add user", "content_type": 3}}, {"pk": 6, "model": "auth.permission", "fields": {"codename": "change_user", "name": "Can change user", "content_type": 3}}, {"pk": 9, "model": "auth.permission", "fields": {"codename": "delete_user", "name": "Can delete user", "content_type": 3}}, {"pk": 10, "model": "auth.permission", "fields": {"codename": "add_contenttype", "name": "Can add content type", "content_type": 4}}, {"pk": 11, "model": "auth.permission", "fields": {"codename": "change_contenttype", "name": "Can change content type", "content_type": 4}}, {"pk": 12, "model": "auth.permission", "fields": {"codename": "delete_contenttype", "name": "Can delete content type", "content_type": 4}}, {"pk": 31, "model": "auth.permission", "fields": {"codename": "add_employee", "name": "Can add employee", "content_type": 11}}, {"pk": 32, "model": "auth.permission", "fields": {"codename": "change_employee", "name": "Can change employee", "content_type": 11}}, {"pk": 33, "model": "auth.permission", "fields": {"codename": "delete_employee", "name": "Can delete employee", "content_type": 11}}, {"pk": 34, "model": "auth.permission", "fields": {"codename": "add_reportingrelationship", "name": "Can add reporting relationship", "content_type": 12}}, {"pk": 35, "model": "auth.permission", "fields": {"codename": "change_reportingrelationship", "name": "Can change reporting relationship", "content_type": 12}}, {"pk": 36, "model": "auth.permission", "fields": {"codename": "delete_reportingrelationship", "name": "Can delete reporting relationship", "content_type": 12}}, {"pk": 13, "model": "auth.permission", "fields": {"codename": "add_session", "name": "Can add session", "content_type": 5}}, {"pk": 14, "model": "auth.permission", "fields": {"codename": "change_session", "name": "Can change session", "content_type": 5}}, {"pk": 15, "model": "auth.permission", "fields": {"codename": "delete_session", "name": "Can delete session", "content_type": 5}}, {"pk": 16, "model": "auth.permission", "fields": {"codename": "add_site", "name": "Can add site", "content_type": 6}}, {"pk": 17, "model": "auth.permission", "fields": {"codename": "change_site", "name": "Can change site", "content_type": 6}}, {"pk": 18, "model": "auth.permission", "fields": {"codename": "delete_site", "name": "Can delete site", "content_type": 6}}, {"pk": 1, "model": "auth.group", "fields": {"name": "NYTimes Admins", "permissions": [31, 32, 33, 34, 35, 36]}}, {"pk": 1, "model": "auth.user", "fields": {"username": "rajiv.pant@nytimes.com", "first_name": "Rajiv", "last_name": "Pant", "is_active": true, "is_superuser": true, "is_staff": true, "last_login": "2012-06-11T18:18:56Z", "groups": [], "user_permissions": [], "password": "pbkdf2_sha256$10000$xDuaFzSWob4W$SX9ml0lkJWXDfpNqshW3Esp1l7/tH/rinoQ/3Ffsu3s=", "email": "rajiv.pant@nytimes.com", "date_joined": "2012-05-22T15:15:04Z"}}, {"pk": 2, "model": "auth.user", "fields": {"username": "marc.frons@nytimes.com", "first_name": "Marc", "last_name": "Frons", "is_active": true, "is_superuser": false, "is_staff": false, "last_login": "2012-05-23T00:20:47Z", "groups": [], "user_permissions": [], "password": "pbkdf2_sha256$10000$e9mvuHPzMpcF$ecguW2k8g0aV6MrGL+IUZABmlX2lwp6Jb+aKjZXE6Z4=", "email": "marc.frons@nytimes.com", "date_joined": "2012-05-23T00:20:47Z"}}, {"pk": 3, "model": "auth.user", "fields": {"username": "tahir.khan@nytimes.com", "first_name": "Tahir", "last_name": "Khan", "is_active": true, "is_superuser": false, "is_staff": false, "last_login": "2012-05-23T00:22:56Z", "groups": [], "user_permissions": [], "password": "pbkdf2_sha256$10000$7gbhkBcA2G2d$4bG+NKYqwnlN8YjLywfW6ix4XQyFvS1CA1FUkY1lztw=", "email": "tahir.khan@nytimes.com", "date_joined": "2012-05-23T00:22:56Z"}}, {"pk": 4, "model": "auth.user", "fields": {"username": "matt.haradon@nytimes.com", "first_name": "Matt", "last_name": "Haradon", "is_active": true, "is_superuser": false, "is_staff": false, "last_login": "2012-05-23T00:23:53Z", "groups": [], "user_permissions": [], "password": "pbkdf2_sha256$10000$jTUAQWqcSEmy$yIfuq2mb2TRJkb/ROsGjwzROxTdgs905z/HBBZjfn8g=", "email": "matt.haradon@nytimes.com", "date_joined": "2012-05-23T00:23:53Z"}}, {"pk": 5, "model": "auth.user", "fields": {"username": "sharon.jacobs@nytimes.com", "first_name": "Sharon", "last_name": "Jacobs", "is_active": true, "is_superuser": false, "is_staff": false, "last_login": "2012-05-23T00:25:03Z", "groups": [], "user_permissions": [], "password": "pbkdf2_sha256$10000$Eco9UoK5DaLw$syjuK55h5q3jrlS7NRbhj6BKMiQciweknz4BhTZ+V74=", "email": "sharon.jacobs@nytimes.com", "date_joined": "2012-05-23T00:25:03Z"}}, {"pk": 6, "model": "auth.user", "fields": {"username": "anniesa.singh@nytimes.com", "first_name": "Anniesa", "last_name": "Singh", "is_active": true, "is_superuser": false, "is_staff": true, "last_login": "2012-06-11T18:26:11Z", "groups": [1], "user_permissions": [], "password": "pbkdf2_sha256$10000$4NEp1Qsf1nea$8BhIiifo3y1BMuYH2Q4e+8kbDiEuOFAsuZ/+/KLgtC4=", "email": "anniesa.singh@nytimes.com", "date_joined": "2012-06-11T18:24:10Z"}}, {"pk": 199, "model": "admin.logentry", "fields": {"action_flag": 2, "action_time": "2012-06-11T23:53:41Z", "object_repr": "Marc Frons, CIO, SVP", "object_id": "1", "change_message": "Added reporting relationship \"Wayne Ginion -- reports to --> Marc Frons\".", "user": 1, "content_type": 11}}, {"pk": 198, "model": "admin.logentry", "fields": {"action_flag": 1, "action_time": "2012-06-11T23:53:35Z", "object_repr": "Wayne Ginion, VP, Strategic Sourcing", "object_id": "125", "change_message": "", "user": 1, "content_type": 11}}, {"pk": 197, "model": "admin.logentry", "fields": {"action_flag": 2, "action_time": "2012-06-11T20:18:47Z", "object_repr": "Lilia Tovbin, Associate Director", "object_id": "40", "change_message": "Added reporting relationship \"Ezell Burke -- reports to --> Lilia Tovbin\". Added reporting relationship \"Timothy Helck -- reports to --> Lilia Tovbin\". Added reporting relationship \"Joe Williams -- reports to --> Lilia Tovbin\". Added reporting relationship \"OPEN -- reports to --> Lilia Tovbin\". Added reporting relationship \"OPEN -- reports to --> Lilia Tovbin\".", "user": 6, "content_type": 11}}, {"pk": 196, "model": "admin.logentry", "fields": {"action_flag": 1, "action_time": "2012-06-11T20:18:45Z", "object_repr": "OPEN, Software Engineer", "object_id": "124", "change_message": "", "user": 6, "content_type": 11}}, {"pk": 195, "model": "admin.logentry", "fields": {"action_flag": 1, "action_time": "2012-06-11T20:18:31Z", "object_repr": "OPEN, Sr. JS Engineer", "object_id": "123", "change_message": "", "user": 6, "content_type": 11}}, {"pk": 194, "model": "admin.logentry", "fields": {"action_flag": 1, "action_time": "2012-06-11T20:18:05Z", "object_repr": "Joe Williams, Web Developer", "object_id": "122", "change_message": "", "user": 6, "content_type": 11}}, {"pk": 193, "model": "admin.logentry", "fields": {"action_flag": 1, "action_time": "2012-06-11T20:17:43Z", "object_repr": "Timothy Helck, Software Engineer", "object_id": "121", "change_message": "", "user": 6, "content_type": 11}}, {"pk": 192, "model": "admin.logentry", "fields": {"action_flag": 1, "action_time": "2012-06-11T20:17:21Z", "object_repr": "Ezell Burke, Web Developer", "object_id": "120", "change_message": "", "user": 6, "content_type": 11}}, {"pk": 191, "model": "admin.logentry", "fields": {"action_flag": 2, "action_time": "2012-06-11T20:16:47Z", "object_repr": "Patrick Fontillas, Web Developer", "object_id": "119", "change_message": "Changed job_title.", "user": 6, "content_type": 11}}, {"pk": 190, "model": "admin.logentry", "fields": {"action_flag": 2, "action_time": "2012-06-11T20:16:36Z", "object_repr": "Lilia Tovbin, Associate Director", "object_id": "40", "change_message": "Added reporting relationship \"Clint Fisher -- reports to --> Lilia Tovbin\". Added reporting relationship \"Marcin Suterski -- reports to --> Lilia Tovbin\". Added reporting relationship \"Sigfirido Chirinos -- reports to --> Lilia Tovbin\". Added reporting relationship \"Patrick Fontillas -- reports to --> Lilia Tovbin\".", "user": 6, "content_type": 11}}, {"pk": 189, "model": "admin.logentry", "fields": {"action_flag": 1, "action_time": "2012-06-11T20:16:27Z", "object_repr": "Patrick Fontillas, Web", "object_id": "119", "change_message": "", "user": 6, "content_type": 11}}, {"pk": 188, "model": "admin.logentry", "fields": {"action_flag": 1, "action_time": "2012-06-11T20:16:13Z", "object_repr": "Sigfirido Chirinos, Web Developer", "object_id": "118", "change_message": "", "user": 6, "content_type": 11}}, {"pk": 187, "model": "admin.logentry", "fields": {"action_flag": 1, "action_time": "2012-06-11T20:15:45Z", "object_repr": "Marcin Suterski, Software Arch.", "object_id": "117", "change_message": "", "user": 6, "content_type": 11}}, {"pk": 186, "model": "admin.logentry", "fields": {"action_flag": 1, "action_time": "2012-06-11T20:15:27Z", "object_repr": "Clint Fisher, Web Developer", "object_id": "116", "change_message": "", "user": 6, "content_type": 11}}, {"pk": 185, "model": "admin.logentry", "fields": {"action_flag": 2, "action_time": "2012-06-11T20:11:16Z", "object_repr": "Jon Oden, Director, Technology", "object_id": "50", "change_message": "Added reporting relationship \"Saibal Patra -- reports to --> Jon Oden\". Added reporting relationship \"Rao Dumpeti -- reports to --> Jon Oden\". Added reporting relationship \"Kirk Gordon -- reports to --> Jon Oden\". Added reporting relationship \"David Erwin -- reports to --> Jon Oden\". Added reporting relationship \"Eric Schorr -- reports to --> Jon Oden\". Added reporting relationship \"Maan Najjar -- reports to --> Jon Oden\".", "user": 6, "content_type": 11}}, {"pk": 184, "model": "admin.logentry", "fields": {"action_flag": 1, "action_time": "2012-06-11T20:10:56Z", "object_repr": "Maan Najjar, Games", "object_id": "115", "change_message": "", "user": 6, "content_type": 11}}, {"pk": 183, "model": "admin.logentry", "fields": {"action_flag": 1, "action_time": "2012-06-11T20:10:38Z", "object_repr": "Eric Schorr, Lead Developer, Games", "object_id": "114", "change_message": "", "user": 6, "content_type": 11}}, {"pk": 182, "model": "admin.logentry", "fields": {"action_flag": 1, "action_time": "2012-06-11T20:10:10Z", "object_repr": "David Erwin, Lead Technologist Ad Innovation", "object_id": "113", "change_message": "", "user": 6, "content_type": 11}}, {"pk": 181, "model": "admin.logentry", "fields": {"action_flag": 1, "action_time": "2012-06-11T20:09:40Z", "object_repr": "Kirk Gordon, Lead Video Engineer", "object_id": "112", "change_message": "", "user": 6, "content_type": 11}}, {"pk": 180, "model": "admin.logentry", "fields": {"action_flag": 1, "action_time": "2012-06-11T20:09:24Z", "object_repr": "Rao Dumpeti, Manager Infra / Architecture", "object_id": "111", "change_message": "", "user": 6, "content_type": 11}}, {"pk": 179, "model": "admin.logentry", "fields": {"action_flag": 1, "action_time": "2012-06-11T20:08:58Z", "object_repr": "Saibal Patra, Manager Products / Optimization", "object_id": "110", "change_message": "", "user": 6, "content_type": 11}}, {"pk": 178, "model": "admin.logentry", "fields": {"action_flag": 2, "action_time": "2012-06-11T20:08:11Z", "object_repr": "Brian Murphy, VP Engineering", "object_id": "4", "change_message": "Added reporting relationship \"Stephanie Yass -- reports to --> Brian Murphy\".", "user": 6, "content_type": 11}}, {"pk": 177, "model": "admin.logentry", "fields": {"action_flag": 1, "action_time": "2012-06-11T20:07:52Z", "object_repr": "Stephanie Yass, Assistant", "object_id": "109", "change_message": "", "user": 6, "content_type": 11}}, {"pk": 176, "model": "admin.logentry", "fields": {"action_flag": 2, "action_time": "2012-06-11T20:06:23Z", "object_repr": "Tahir Khan, Director, Business Intelligence", "object_id": "34", "change_message": "Added reporting relationship \"Brian Lavery -- reports to --> Tahir Khan\". Added reporting relationship \"David Reinke -- reports to --> Tahir Khan\". Added reporting relationship \"Eric Krangel -- reports to --> Tahir Khan\".", "user": 6, "content_type": 11}}, {"pk": 175, "model": "admin.logentry", "fields": {"action_flag": 1, "action_time": "2012-06-11T20:06:09Z", "object_repr": "Eric Krangel, Sr. Business Analyst", "object_id": "108", "change_message": "", "user": 6, "content_type": 11}}, {"pk": 174, "model": "admin.logentry", "fields": {"action_flag": 1, "action_time": "2012-06-11T20:05:51Z", "object_repr": "David Reinke, BI Architect", "object_id": "107", "change_message": "", "user": 6, "content_type": 11}}, {"pk": 173, "model": "admin.logentry", "fields": {"action_flag": 1, "action_time": "2012-06-11T20:05:31Z", "object_repr": "Brian Lavery, ADX Reporting", "object_id": "106", "change_message": "", "user": 6, "content_type": 11}}, {"pk": 172, "model": "admin.logentry", "fields": {"action_flag": 2, "action_time": "2012-06-11T20:03:46Z", "object_repr": "Brad Kagawa, VP Technology, Print & Digital Editorial Systems", "object_id": "33", "change_message": "Added reporting relationship \"Mark Gmunder -- reports to --> Brad Kagawa\". Added reporting relationship \"Rachel Berger -- reports to --> Brad Kagawa\". Added reporting relationship \"Roger Caplan -- reports to --> Brad Kagawa\". Added reporting relationship \"Sandeep Saran -- reports to --> Brad Kagawa\".", "user": 6, "content_type": 11}}, {"pk": 171, "model": "admin.logentry", "fields": {"action_flag": 1, "action_time": "2012-06-11T20:03:45Z", "object_repr": "Sandeep Saran, INFOSYS Onshore Project Manager", "object_id": "105", "change_message": "", "user": 6, "content_type": 11}}, {"pk": 170, "model": "admin.logentry", "fields": {"action_flag": 1, "action_time": "2012-06-11T20:03:06Z", "object_repr": "Roger Caplan, Software Arch.", "object_id": "104", "change_message": "", "user": 6, "content_type": 11}}, {"pk": 169, "model": "admin.logentry", "fields": {"action_flag": 1, "action_time": "2012-06-11T20:02:51Z", "object_repr": "Rachel Berger, Program Manager", "object_id": "103", "change_message": "", "user": 6, "content_type": 11}}, {"pk": 168, "model": "admin.logentry", "fields": {"action_flag": 1, "action_time": "2012-06-11T20:02:27Z", "object_repr": "Mark Gmunder, Marketing, Print Publishing & News Systems", "object_id": "102", "change_message": "", "user": 6, "content_type": 11}}, {"pk": 167, "model": "admin.logentry", "fields": {"action_flag": 2, "action_time": "2012-06-11T20:01:47Z", "object_repr": "Brad Kagawa, VP Technology, Print & Digital Editorial Systems", "object_id": "33", "change_message": "Added reporting relationship \"Luke Vnenchak -- reports to --> Brad Kagawa\".", "user": 6, "content_type": 11}}, {"pk": 166, "model": "admin.logentry", "fields": {"action_flag": 1, "action_time": "2012-06-11T20:01:44Z", "object_repr": "Luke Vnenchak, Director, Web Publishing & News Systems", "object_id": "101", "change_message": "", "user": 6, "content_type": 11}}, {"pk": 165, "model": "admin.logentry", "fields": {"action_flag": 2, "action_time": "2012-06-11T19:56:20Z", "object_repr": "Elaine McWhinney-St. Louis, Financial Manager", "object_id": "99", "change_message": "Added reporting relationship \"William Yeung -- reports to --> Elaine McWhinney-St. Louis\".", "user": 6, "content_type": 11}}, {"pk": 164, "model": "admin.logentry", "fields": {"action_flag": 1, "action_time": "2012-06-11T19:56:17Z", "object_repr": "William Yeung, Financial Analyst", "object_id": "100", "change_message": "", "user": 6, "content_type": 11}}, {"pk": 163, "model": "admin.logentry", "fields": {"action_flag": 2, "action_time": "2012-06-11T19:55:44Z", "object_repr": "Marguerite Brown-Toohey, Financial Director", "object_id": "21", "change_message": "Added reporting relationship \"Tammy Szyba -- reports to --> Marguerite Brown-Toohey\". Added reporting relationship \"Elaine McWhinney-St. Louis -- reports to --> Marguerite Brown-Toohey\".", "user": 6, "content_type": 11}}, {"pk": 162, "model": "admin.logentry", "fields": {"action_flag": 1, "action_time": "2012-06-11T19:55:41Z", "object_repr": "Elaine McWhinney-St. Louis, Financial Manager", "object_id": "99", "change_message": "", "user": 6, "content_type": 11}}, {"pk": 161, "model": "admin.logentry", "fields": {"action_flag": 1, "action_time": "2012-06-11T19:55:11Z", "object_repr": "Tammy Szyba, Financial Manager Pay Model", "object_id": "98", "change_message": "", "user": 6, "content_type": 11}}, {"pk": 160, "model": "admin.logentry", "fields": {"action_flag": 2, "action_time": "2012-06-11T19:51:22Z", "object_repr": "Steve Bartenope, Manager", "object_id": "90", "change_message": "Added reporting relationship \"Mark Howell -- reports to --> Steve Bartenope\".", "user": 6, "content_type": 11}}, {"pk": 159, "model": "admin.logentry", "fields": {"action_flag": 1, "action_time": "2012-06-11T19:51:20Z", "object_repr": "Mark Howell, Systems Analyst", "object_id": "97", "change_message": "", "user": 6, "content_type": 11}}, {"pk": 158, "model": "admin.logentry", "fields": {"action_flag": 2, "action_time": "2012-06-11T19:51:00Z", "object_repr": "Stan Seymore, Manager Payroll Systems", "object_id": "89", "change_message": "Added reporting relationship \"Michael Chu -- reports to --> Stan Seymore\". Added reporting relationship \"Photis Zissimatos -- reports to --> Stan Seymore\".", "user": 6, "content_type": 11}}, {"pk": 157, "model": "admin.logentry", "fields": {"action_flag": 1, "action_time": "2012-06-11T19:50:53Z", "object_repr": "Photis Zissimatos, Sr. Systems Analyst", "object_id": "96", "change_message": "", "user": 6, "content_type": 11}}, {"pk": 156, "model": "admin.logentry", "fields": {"action_flag": 1, "action_time": "2012-06-11T19:50:31Z", "object_repr": "Michael Chu, Systems Analyst", "object_id": "95", "change_message": "", "user": 6, "content_type": 11}}, {"pk": 155, "model": "admin.logentry", "fields": {"action_flag": 2, "action_time": "2012-06-11T19:49:58Z", "object_repr": "Al Pastore, Manager of POS", "object_id": "92", "change_message": "Added reporting relationship \"Sundhar L. -- reports to --> Al Pastore\".", "user": 6, "content_type": 11}}, {"pk": 154, "model": "admin.logentry", "fields": {"action_flag": 1, "action_time": "2012-06-11T19:49:56Z", "object_repr": "Sundhar L., Sr. Systems Analyst", "object_id": "94", "change_message": "", "user": 6, "content_type": 11}}, {"pk": 153, "model": "admin.logentry", "fields": {"action_flag": 2, "action_time": "2012-06-11T19:49:31Z", "object_repr": "Brian Hauff, Manager of Financial & Core App", "object_id": "91", "change_message": "Added reporting relationship \"Noel Fuentes -- reports to --> Brian Hauff\".", "user": 6, "content_type": 11}}, {"pk": 152, "model": "admin.logentry", "fields": {"action_flag": 1, "action_time": "2012-06-11T19:49:28Z", "object_repr": "Noel Fuentes, Systems Analyst", "object_id": "93", "change_message": "", "user": 6, "content_type": 11}}, {"pk": 151, "model": "admin.logentry", "fields": {"action_flag": 2, "action_time": "2012-06-11T19:49:07Z", "object_repr": "Ed Scena, Director Single Copy Software Development", "object_id": "88", "change_message": "Added reporting relationship \"Brian Hauff -- reports to --> Ed Scena\". Added reporting relationship \"Al Pastore -- reports to --> Ed Scena\".", "user": 6, "content_type": 11}}, {"pk": 150, "model": "admin.logentry", "fields": {"action_flag": 1, "action_time": "2012-06-11T19:49:05Z", "object_repr": "Al Pastore, Manager of POS", "object_id": "92", "change_message": "", "user": 6, "content_type": 11}}, {"pk": 149, "model": "admin.logentry", "fields": {"action_flag": 1, "action_time": "2012-06-11T19:48:40Z", "object_repr": "Brian Hauff, Manager of Financial & Core App", "object_id": "91", "change_message": "", "user": 6, "content_type": 11}}, {"pk": 148, "model": "admin.logentry", "fields": {"action_flag": 2, "action_time": "2012-06-11T19:47:40Z", "object_repr": "John Tighe, Managing Director, Business Systems", "object_id": "14", "change_message": "Added reporting relationship \"Mike Glantzberg -- reports to --> John Tighe\". Added reporting relationship \"Ed Scena -- reports to --> John Tighe\". Added reporting relationship \"Stan Seymore -- reports to --> John Tighe\". Added reporting relationship \"Steve Bartenope -- reports to --> John Tighe\".", "user": 6, "content_type": 11}}, {"pk": 147, "model": "admin.logentry", "fields": {"action_flag": 1, "action_time": "2012-06-11T19:47:27Z", "object_repr": "Steve Bartenope, Manager", "object_id": "90", "change_message": "", "user": 6, "content_type": 11}}, {"pk": 146, "model": "admin.logentry", "fields": {"action_flag": 1, "action_time": "2012-06-11T19:47:04Z", "object_repr": "Stan Seymore, Manager Payroll Systems", "object_id": "89", "change_message": "", "user": 6, "content_type": 11}}, {"pk": 145, "model": "admin.logentry", "fields": {"action_flag": 1, "action_time": "2012-06-11T19:46:39Z", "object_repr": "Ed Scena, Director Single Copy Software Development", "object_id": "88", "change_message": "", "user": 6, "content_type": 11}}, {"pk": 144, "model": "admin.logentry", "fields": {"action_flag": 1, "action_time": "2012-06-11T19:46:02Z", "object_repr": "Mike Glantzberg, Director Single Copy Data & Analytics Systems", "object_id": "87", "change_message": "", "user": 6, "content_type": 11}}, {"pk": 143, "model": "admin.logentry", "fields": {"action_flag": 2, "action_time": "2012-06-11T19:44:40Z", "object_repr": "Rachel Goldstein, Manager", "object_id": "67", "change_message": "Added reporting relationship \"Anthony Lo Pomo -- reports to --> Rachel Goldstein\". Added reporting relationship \"Haris Agha -- reports to --> Rachel Goldstein\". Added reporting relationship \"Dennis Walsh -- reports to --> Rachel Goldstein\".", "user": 6, "content_type": 11}}, {"pk": 142, "model": "admin.logentry", "fields": {"action_flag": 1, "action_time": "2012-06-11T19:44:38Z", "object_repr": "Dennis Walsh, Sr. Systems Analyst", "object_id": "86", "change_message": "", "user": 6, "content_type": 11}}, {"pk": 141, "model": "admin.logentry", "fields": {"action_flag": 1, "action_time": "2012-06-11T19:44:21Z", "object_repr": "Haris Agha, Systems Analyst", "object_id": "85", "change_message": "", "user": 6, "content_type": 11}}, {"pk": 140, "model": "admin.logentry", "fields": {"action_flag": 1, "action_time": "2012-06-11T19:44:02Z", "object_repr": "Anthony Lo Pomo, Sr. Systems Analyst", "object_id": "84", "change_message": "", "user": 6, "content_type": 11}}, {"pk": 139, "model": "admin.logentry", "fields": {"action_flag": 2, "action_time": "2012-06-11T19:42:41Z", "object_repr": "Tom Demuyt, Development Lead", "object_id": "66", "change_message": "Added reporting relationship \"Maya Prabhu -- reports to --> Tom Demuyt\". Added reporting relationship \"Valerie Lodi -- reports to --> Tom Demuyt\". Added reporting relationship \"Raju Indukuru -- reports to --> Tom Demuyt\". Added reporting relationship \"Ganesh Sudaram -- reports to --> Tom Demuyt\". Added reporting relationship \"Tina Abad -- reports to --> Tom Demuyt\". Added reporting relationship \"Hiren Parekh -- reports to --> Tom Demuyt\". Added reporting relationship \"Sebin Thomas -- reports to --> Tom Demuyt\". Added reporting relationship \"Michael Rojas -- reports to --> Tom Demuyt\".", "user": 6, "content_type": 11}}, {"pk": 138, "model": "admin.logentry", "fields": {"action_flag": 1, "action_time": "2012-06-11T19:42:38Z", "object_repr": "Michael Rojas, SFDC", "object_id": "83", "change_message": "", "user": 6, "content_type": 11}}, {"pk": 137, "model": "admin.logentry", "fields": {"action_flag": 1, "action_time": "2012-06-11T19:42:16Z", "object_repr": "Sebin Thomas, XI Developer", "object_id": "82", "change_message": "", "user": 6, "content_type": 11}}, {"pk": 136, "model": "admin.logentry", "fields": {"action_flag": 1, "action_time": "2012-06-11T19:41:38Z", "object_repr": "Hiren Parekh, Portals and MAMC", "object_id": "81", "change_message": "", "user": 6, "content_type": 11}}, {"pk": 135, "model": "admin.logentry", "fields": {"action_flag": 1, "action_time": "2012-06-11T19:41:08Z", "object_repr": "Tina Abad, Portals Function", "object_id": "80", "change_message": "", "user": 6, "content_type": 11}}, {"pk": 134, "model": "admin.logentry", "fields": {"action_flag": 1, "action_time": "2012-06-11T19:40:51Z", "object_repr": "Ganesh Sudaram, ABAP", "object_id": "79", "change_message": "", "user": 6, "content_type": 11}}, {"pk": 133, "model": "admin.logentry", "fields": {"action_flag": 1, "action_time": "2012-06-11T19:40:26Z", "object_repr": "Raju Indukuru, Java", "object_id": "78", "change_message": "", "user": 6, "content_type": 11}}, {"pk": 132, "model": "admin.logentry", "fields": {"action_flag": 1, "action_time": "2012-06-11T19:40:05Z", "object_repr": "Valerie Lodi, ABAP", "object_id": "77", "change_message": "", "user": 6, "content_type": 11}}, {"pk": 131, "model": "admin.logentry", "fields": {"action_flag": 1, "action_time": "2012-06-11T19:39:46Z", "object_repr": "Maya Prabhu, ABAP & Java", "object_id": "76", "change_message": "", "user": 6, "content_type": 11}}, {"pk": 130, "model": "admin.logentry", "fields": {"action_flag": 2, "action_time": "2012-06-11T19:38:35Z", "object_repr": "Elvin Torres, Systems Director", "object_id": "64", "change_message": "Added reporting relationship \"Tim Gilbert -- reports to --> Elvin Torres\". Added reporting relationship \"Shui Cho -- reports to --> Elvin Torres\". Added reporting relationship \"Ed Koenig -- reports to --> Elvin Torres\". Added reporting relationship \"Li Yang -- reports to --> Elvin Torres\". Added reporting relationship \"Tina Morales -- reports to --> Elvin Torres\". Added reporting relationship \"Donna Fazio -- reports to --> Elvin Torres\".", "user": 6, "content_type": 11}}, {"pk": 129, "model": "admin.logentry", "fields": {"action_flag": 1, "action_time": "2012-06-11T19:37:52Z", "object_repr": "Donna Fazio, Contract Management", "object_id": "75", "change_message": "", "user": 6, "content_type": 11}}, {"pk": 128, "model": "admin.logentry", "fields": {"action_flag": 1, "action_time": "2012-06-11T19:37:29Z", "object_repr": "Tina Morales, Classified, OCM and MAMC", "object_id": "74", "change_message": "", "user": 6, "content_type": 11}}, {"pk": 127, "model": "admin.logentry", "fields": {"action_flag": 1, "action_time": "2012-06-11T19:36:56Z", "object_repr": "Li Yang, BP and Contracts", "object_id": "73", "change_message": "", "user": 6, "content_type": 11}}, {"pk": 126, "model": "admin.logentry", "fields": {"action_flag": 1, "action_time": "2012-06-11T19:36:40Z", "object_repr": "Ed Koenig, Pricing, Orders and Products", "object_id": "72", "change_message": "", "user": 6, "content_type": 11}}, {"pk": 125, "model": "admin.logentry", "fields": {"action_flag": 1, "action_time": "2012-06-11T19:36:06Z", "object_repr": "Shui Cho, Adv and FI", "object_id": "71", "change_message": "", "user": 6, "content_type": 11}}, {"pk": 124, "model": "admin.logentry", "fields": {"action_flag": 1, "action_time": "2012-06-11T19:35:46Z", "object_repr": "Tim Gilbert, NY Interface", "object_id": "70", "change_message": "", "user": 6, "content_type": 11}}, {"pk": 123, "model": "admin.logentry", "fields": {"action_flag": 2, "action_time": "2012-06-11T19:35:01Z", "object_repr": "Paul Wu, Manager Basis & SAP Security", "object_id": "63", "change_message": "Added reporting relationship \"Susan Chou -- reports to --> Paul Wu\". Added reporting relationship \"Ed Migueles -- reports to --> Paul Wu\".", "user": 6, "content_type": 11}}, {"pk": 122, "model": "admin.logentry", "fields": {"action_flag": 1, "action_time": "2012-06-11T19:34:59Z", "object_repr": "Ed Migueles, Sr. Systems Analyst", "object_id": "69", "change_message": "", "user": 6, "content_type": 11}}, {"pk": 121, "model": "admin.logentry", "fields": {"action_flag": 1, "action_time": "2012-06-11T19:34:35Z", "object_repr": "Susan Chou, Sr. Systems Analyst", "object_id": "68", "change_message": "", "user": 6, "content_type": 11}}, {"pk": 120, "model": "admin.logentry", "fields": {"action_flag": 2, "action_time": "2012-06-11T19:33:31Z", "object_repr": "Deepak Mohite, Managing Director, Advertising Technology", "object_id": "13", "change_message": "Added reporting relationship \"Elvin Torres -- reports to --> Deepak Mohite\". Added reporting relationship \"David Doolittle -- reports to --> Deepak Mohite\". Added reporting relationship \"Tom Demuyt -- reports to --> Deepak Mohite\". Added reporting relationship \"Rachel Goldstein -- reports to --> Deepak Mohite\".", "user": 6, "content_type": 11}}, {"pk": 119, "model": "admin.logentry", "fields": {"action_flag": 1, "action_time": "2012-06-11T19:33:29Z", "object_repr": "Rachel Goldstein, Manager", "object_id": "67", "change_message": "", "user": 6, "content_type": 11}}, {"pk": 118, "model": "admin.logentry", "fields": {"action_flag": 1, "action_time": "2012-06-11T19:33:10Z", "object_repr": "Tom Demuyt, Development Lead", "object_id": "66", "change_message": "", "user": 6, "content_type": 11}}, {"pk": 117, "model": "admin.logentry", "fields": {"action_flag": 1, "action_time": "2012-06-11T19:32:51Z", "object_repr": "David Doolittle, BI Tech Architect", "object_id": "65", "change_message": "", "user": 6, "content_type": 11}}, {"pk": 116, "model": "admin.logentry", "fields": {"action_flag": 1, "action_time": "2012-06-11T19:31:38Z", "object_repr": "Elvin Torres, Systems Director", "object_id": "64", "change_message": "", "user": 6, "content_type": 11}}, {"pk": 115, "model": "admin.logentry", "fields": {"action_flag": 2, "action_time": "2012-06-11T19:31:05Z", "object_repr": "Deepak Mohite, Managing Director, Advertising Technology", "object_id": "13", "change_message": "Added reporting relationship \"Paul Wu -- reports to --> Deepak Mohite\".", "user": 6, "content_type": 11}}, {"pk": 114, "model": "admin.logentry", "fields": {"action_flag": 1, "action_time": "2012-06-11T19:30:56Z", "object_repr": "Paul Wu, Manager Basis & SAP Security", "object_id": "63", "change_message": "", "user": 6, "content_type": 11}}, {"pk": 113, "model": "admin.logentry", "fields": {"action_flag": 2, "action_time": "2012-06-11T19:28:45Z", "object_repr": "Mike Higgins, Chief Security Officer, VP", "object_id": "5", "change_message": "Added reporting relationship \"OPEN -- reports to --> Mike Higgins\".", "user": 6, "content_type": 11}}, {"pk": 112, "model": "admin.logentry", "fields": {"action_flag": 1, "action_time": "2012-06-11T19:28:42Z", "object_repr": "OPEN, Jr. Security Analyst", "object_id": "62", "change_message": "", "user": 6, "content_type": 11}}, {"pk": 111, "model": "admin.logentry", "fields": {"action_flag": 2, "action_time": "2012-06-11T19:26:59Z", "object_repr": "Mike Higgins, Chief Security Officer, VP", "object_id": "5", "change_message": "Added reporting relationship \"Darylin Mclaughhin -- reports to --> Mike Higgins\". Added reporting relationship \"Victor Bonato -- reports to --> Mike Higgins\". Added reporting relationship \"Rustom Dadachanji -- reports to --> Mike Higgins\".", "user": 6, "content_type": 11}}, {"pk": 110, "model": "admin.logentry", "fields": {"action_flag": 1, "action_time": "2012-06-11T19:26:37Z", "object_repr": "Rustom Dadachanji, Security Analyst", "object_id": "61", "change_message": "", "user": 6, "content_type": 11}}, {"pk": 109, "model": "admin.logentry", "fields": {"action_flag": 1, "action_time": "2012-06-11T19:25:53Z", "object_repr": "Victor Bonato, Sr. Security Analyst", "object_id": "60", "change_message": "", "user": 6, "content_type": 11}}, {"pk": 108, "model": "admin.logentry", "fields": {"action_flag": 1, "action_time": "2012-06-11T19:25:14Z", "object_repr": "Darylin Mclaughhin, Compliance Manager", "object_id": "59", "change_message": "", "user": 6, "content_type": 11}}, {"pk": 107, "model": "admin.logentry", "fields": {"action_flag": 2, "action_time": "2012-06-11T18:35:27Z", "object_repr": "Marci Windsheimer, Knowledge Manager", "object_id": "56", "change_message": "Added reporting relationship \"Brad Stenger -- reports to --> Marci Windsheimer\". Added reporting relationship \"Joseph Fiore -- reports to --> Marci Windsheimer\".", "user": 1, "content_type": 11}}, {"pk": 106, "model": "admin.logentry", "fields": {"action_flag": 1, "action_time": "2012-06-11T18:35:23Z", "object_repr": "Joseph Fiore, Technical Writer", "object_id": "58", "change_message": "", "user": 1, "content_type": 11}}, {"pk": 105, "model": "admin.logentry", "fields": {"action_flag": 1, "action_time": "2012-06-11T18:34:46Z", "object_repr": "Brad Stenger, Developer  Advocate", "object_id": "57", "change_message": "", "user": 1, "content_type": 11}}, {"pk": 104, "model": "admin.logentry", "fields": {"action_flag": 2, "action_time": "2012-06-11T18:33:53Z", "object_repr": "Ben Gerst, Executive Director, Technology", "object_id": "48", "change_message": "Added reporting relationship \"Marci Windsheimer -- reports to --> Ben Gerst\".", "user": 1, "content_type": 11}}, {"pk": 103, "model": "admin.logentry", "fields": {"action_flag": 1, "action_time": "2012-06-11T18:33:45Z", "object_repr": "Marci Windsheimer, Knowledge Manager", "object_id": "56", "change_message": "", "user": 1, "content_type": 11}}, {"pk": 102, "model": "admin.logentry", "fields": {"action_flag": 2, "action_time": "2012-06-11T18:24:59Z", "object_repr": "anniesa.singh@nytimes.com", "object_id": "6", "change_message": "Changed password, first_name, last_name, email, is_staff and groups.", "user": 1, "content_type": 3}}, {"pk": 101, "model": "admin.logentry", "fields": {"action_flag": 1, "action_time": "2012-06-11T18:24:10Z", "object_repr": "anniesa.singh@nytimes.com", "object_id": "6", "change_message": "", "user": 1, "content_type": 3}}, {"pk": 100, "model": "admin.logentry", "fields": {"action_flag": 2, "action_time": "2012-06-11T12:52:02Z", "object_repr": "Arthur Sulzberger, Jr., Publisher, Chairman & CEO", "object_id": "55", "change_message": "Changed job_title.", "user": 1, "content_type": 11}}, {"pk": 99, "model": "admin.logentry", "fields": {"action_flag": 1, "action_time": "2012-06-11T11:32:39Z", "object_repr": "Arthur Sulzberger, Jr., Chairman & CEO", "object_id": "55", "change_message": "", "user": 1, "content_type": 11}}, {"pk": 98, "model": "admin.logentry", "fields": {"action_flag": 2, "action_time": "2012-06-10T23:49:55Z", "object_repr": "TBD, VP, Ecommerce Technology", "object_id": "38", "change_message": "Added reporting relationship \"Julius Sarkozy -- reports to --> TBD\".", "user": 1, "content_type": 11}}, {"pk": 97, "model": "admin.logentry", "fields": {"action_flag": 1, "action_time": "2012-06-10T23:49:50Z", "object_repr": "Julius Sarkozy, Program Manager, Ecommerce Technology", "object_id": "54", "change_message": "", "user": 1, "content_type": 11}}, {"pk": 96, "model": "admin.logentry", "fields": {"action_flag": 2, "action_time": "2012-06-10T23:48:01Z", "object_repr": "Jagdish Reddy, Director, Quality", "object_id": "11", "change_message": "Added reporting relationship \"Ashwin Singh -- reports to --> Jagdish Reddy\".", "user": 1, "content_type": 11}}, {"pk": 95, "model": "admin.logentry", "fields": {"action_flag": 1, "action_time": "2012-06-10T23:47:58Z", "object_repr": "Ashwin Singh, Manager, Quality Assurance", "object_id": "53", "change_message": "", "user": 1, "content_type": 11}}, {"pk": 94, "model": "admin.logentry", "fields": {"action_flag": 2, "action_time": "2012-06-10T23:46:43Z", "object_repr": "Tahir Khan, Director, Business Intelligence", "object_id": "34", "change_message": "Added reporting relationship \"Padma Akella -- reports to --> Tahir Khan\".", "user": 1, "content_type": 11}}, {"pk": 93, "model": "admin.logentry", "fields": {"action_flag": 1, "action_time": "2012-06-10T23:46:38Z", "object_repr": "Padma Akella, Software Architect", "object_id": "52", "change_message": "", "user": 1, "content_type": 11}}, {"pk": 92, "model": "admin.logentry", "fields": {"action_flag": 1, "action_time": "2012-06-10T22:05:10Z", "object_repr": "Scott Heekin-Canedy, President & General Manager, The New York Times", "object_id": "51", "change_message": "", "user": 1, "content_type": 11}}, {"pk": 91, "model": "admin.logentry", "fields": {"action_flag": 2, "action_time": "2012-06-10T20:27:41Z", "object_repr": "Mike Higgins -- reports to --> Marc Frons", "object_id": "4", "change_message": "Changed supervisor.", "user": 1, "content_type": 12}}, {"pk": 90, "model": "admin.logentry", "fields": {"action_flag": 2, "action_time": "2012-06-10T20:27:14Z", "object_repr": "Mike Higgins -- reports to --> Rajiv Pant", "object_id": "4", "change_message": "Changed supervisor.", "user": 1, "content_type": 12}}, {"pk": 89, "model": "admin.logentry", "fields": {"action_flag": 2, "action_time": "2012-06-06T15:53:40Z", "object_repr": "Lilia Tovbin -- reports to --> TBD", "object_id": "46", "change_message": "Changed supervisor.", "user": 1, "content_type": 12}}, {"pk": 88, "model": "admin.logentry", "fields": {"action_flag": 3, "action_time": "2012-06-06T15:45:51Z", "object_repr": "rajiv@nytimes.com", "object_id": "6", "change_message": "", "user": 1, "content_type": 3}}, {"pk": 87, "model": "admin.logentry", "fields": {"action_flag": 2, "action_time": "2012-05-25T19:38:04Z", "object_repr": "Brian Murphy, VP Engineering", "object_id": "4", "change_message": "Added reporting relationship \"Mike Finkel -- reports to --> Brian Murphy\". Added reporting relationship \"Jon Oden -- reports to --> Brian Murphy\".", "user": 1, "content_type": 11}}, {"pk": 86, "model": "admin.logentry", "fields": {"action_flag": 1, "action_time": "2012-05-25T19:37:42Z", "object_repr": "Jon Oden, Director, Technology", "object_id": "50", "change_message": "", "user": 1, "content_type": 11}}, {"pk": 85, "model": "admin.logentry", "fields": {"action_flag": 1, "action_time": "2012-05-25T19:37:27Z", "object_repr": "Mike Finkel, Executive Director, Technology", "object_id": "49", "change_message": "", "user": 1, "content_type": 11}}, {"pk": 84, "model": "admin.logentry", "fields": {"action_flag": 3, "action_time": "2012-05-25T19:36:09Z", "object_repr": "Lilia Tovbin -- reports to --> TBD", "object_id": "40", "change_message": "", "user": 1, "content_type": 12}}, {"pk": 83, "model": "admin.logentry", "fields": {"action_flag": 2, "action_time": "2012-05-25T19:35:15Z", "object_repr": "Cameron Brown, Director, Ecommerce Technology", "object_id": "12", "change_message": "Added reporting relationship \"Lilia Tovbin -- reports to --> Cameron Brown\".", "user": 1, "content_type": 11}}, {"pk": 82, "model": "admin.logentry", "fields": {"action_flag": 2, "action_time": "2012-05-25T19:34:13Z", "object_repr": "Brian Murphy, VP Engineering", "object_id": "4", "change_message": "Added reporting relationship \"Ben Gerst -- reports to --> Brian Murphy\".", "user": 1, "content_type": 11}}, {"pk": 81, "model": "admin.logentry", "fields": {"action_flag": 1, "action_time": "2012-05-25T19:34:00Z", "object_repr": "Ben Gerst, Executive Director, Technology", "object_id": "48", "change_message": "", "user": 1, "content_type": 11}}, {"pk": 80, "model": "admin.logentry", "fields": {"action_flag": 1, "action_time": "2012-05-25T19:32:18Z", "object_repr": "Russ Simpkins, Manager, Technology", "object_id": "47", "change_message": "", "user": 1, "content_type": 11}}, {"pk": 79, "model": "admin.logentry", "fields": {"action_flag": 2, "action_time": "2012-05-23T16:36:04Z", "object_repr": "Tahir Khan, Director, Business Intelligence", "object_id": "34", "change_message": "Added reporting relationship \"Chris Utz -- reports to --> Tahir Khan\". Added reporting relationship \"Sharon Sokoloff -- reports to --> Tahir Khan\".", "user": 1, "content_type": 11}}, {"pk": 78, "model": "admin.logentry", "fields": {"action_flag": 1, "action_time": "2012-05-23T16:35:59Z", "object_repr": "Sharon Sokoloff, Director, Data Warehousing", "object_id": "46", "change_message": "", "user": 1, "content_type": 11}}, {"pk": 77, "model": "admin.logentry", "fields": {"action_flag": 1, "action_time": "2012-05-23T16:35:56Z", "object_repr": "Satya, Database Engineer", "object_id": "45", "change_message": "", "user": 1, "content_type": 11}}, {"pk": 76, "model": "admin.logentry", "fields": {"action_flag": 1, "action_time": "2012-05-23T16:34:56Z", "object_repr": "Chris Utz, Sr. Software Architect", "object_id": "44", "change_message": "", "user": 1, "content_type": 11}}, {"pk": 75, "model": "admin.logentry", "fields": {"action_flag": 2, "action_time": "2012-05-23T14:21:38Z", "object_repr": "David Wang, Sr. Database Administrator", "object_id": "29", "change_message": "Changed contractor.", "user": 1, "content_type": 11}}, {"pk": 74, "model": "admin.logentry", "fields": {"action_flag": 2, "action_time": "2012-05-23T14:20:37Z", "object_repr": "Mike Wilson, Director, Porfolio Management Office", "object_id": "16", "change_message": "Changed part_time_status.", "user": 1, "content_type": 11}}, {"pk": 73, "model": "admin.logentry", "fields": {"action_flag": 2, "action_time": "2012-05-23T12:51:45Z", "object_repr": "Judy Gross, VP, Strategy", "object_id": "17", "change_message": "Changed job_title.", "user": 1, "content_type": 11}}, {"pk": 72, "model": "admin.logentry", "fields": {"action_flag": 1, "action_time": "2012-05-23T12:47:59Z", "object_repr": "Rachel Berger, Associate Director, Program Management", "object_id": "43", "change_message": "", "user": 1, "content_type": 11}}, {"pk": 71, "model": "admin.logentry", "fields": {"action_flag": 1, "action_time": "2012-05-23T12:47:26Z", "object_repr": "Luke Vnenchak, Director, CMS", "object_id": "42", "change_message": "", "user": 1, "content_type": 11}}, {"pk": 70, "model": "admin.logentry", "fields": {"action_flag": 1, "action_time": "2012-05-23T12:46:59Z", "object_repr": "Mark Gmunder, Print Publishing, News & Marketing Systems", "object_id": "41", "change_message": "", "user": 1, "content_type": 11}}, {"pk": 69, "model": "admin.logentry", "fields": {"action_flag": 2, "action_time": "2012-05-23T12:44:15Z", "object_repr": "TBD, VP, Ecommerce Technology", "object_id": "38", "change_message": "Added reporting relationship \"Ian Moore -- reports to --> TBD\". Added reporting relationship \"Lilia Tovbin -- reports to --> TBD\".", "user": 1, "content_type": 11}}, {"pk": 68, "model": "admin.logentry", "fields": {"action_flag": 1, "action_time": "2012-05-23T12:44:12Z", "object_repr": "Lilia Tovbin, Associate Director", "object_id": "40", "change_message": "", "user": 1, "content_type": 11}}, {"pk": 67, "model": "admin.logentry", "fields": {"action_flag": 1, "action_time": "2012-05-23T12:44:00Z", "object_repr": "Ian Moore, Group Director", "object_id": "39", "change_message": "", "user": 1, "content_type": 11}}, {"pk": 66, "model": "admin.logentry", "fields": {"action_flag": 3, "action_time": "2012-05-23T12:34:58Z", "object_repr": "Cameron Brown -- reports to --> Rajiv Pant", "object_id": "11", "change_message": "", "user": 1, "content_type": 12}}, {"pk": 65, "model": "admin.logentry", "fields": {"action_flag": 2, "action_time": "2012-05-23T12:34:06Z", "object_repr": "Rajiv Pant, CTO, VP", "object_id": "2", "change_message": "Added reporting relationship \"TBD -- reports to --> Rajiv Pant\".", "user": 1, "content_type": 11}}, {"pk": 64, "model": "admin.logentry", "fields": {"action_flag": 1, "action_time": "2012-05-23T12:33:55Z", "object_repr": "TBD, VP, Ecommerce Technology", "object_id": "38", "change_message": "", "user": 1, "content_type": 11}}, {"pk": 63, "model": "admin.logentry", "fields": {"action_flag": 2, "action_time": "2012-05-23T12:33:10Z", "object_repr": "Rajiv Pant, CTO, VP", "object_id": "2", "change_message": "Added reporting relationship \"Aron Pihofer -- reports to --> Rajiv Pant\". Added reporting relationship \"Brad Kagawa -- reports to --> Rajiv Pant\". Added reporting relationship \"Tahir Khan -- reports to --> Rajiv Pant\". Added reporting relationship \"Greg Felice -- reports to --> Rajiv Pant\". Added reporting relationship \"Anniesa Singh -- reports to --> Rajiv Pant\".", "user": 1, "content_type": 11}}, {"pk": 62, "model": "admin.logentry", "fields": {"action_flag": 1, "action_time": "2012-05-23T12:33:00Z", "object_repr": "Anniesa Singh, Administrative Assitant", "object_id": "37", "change_message": "", "user": 1, "content_type": 11}}, {"pk": 61, "model": "admin.logentry", "fields": {"action_flag": 1, "action_time": "2012-05-23T12:32:11Z", "object_repr": "Greg Felice, Sr. Manager, Process Architecture", "object_id": "36", "change_message": "", "user": 1, "content_type": 11}}, {"pk": 60, "model": "admin.logentry", "fields": {"action_flag": 1, "action_time": "2012-05-23T12:32:09Z", "object_repr": "Jason Phelps, Manager", "object_id": "35", "change_message": "", "user": 1, "content_type": 11}}, {"pk": 59, "model": "admin.logentry", "fields": {"action_flag": 1, "action_time": "2012-05-23T12:31:26Z", "object_repr": "Tahir Khan, Director, Business Intelligence", "object_id": "34", "change_message": "", "user": 1, "content_type": 11}}, {"pk": 58, "model": "admin.logentry", "fields": {"action_flag": 1, "action_time": "2012-05-23T12:31:03Z", "object_repr": "Brad Kagawa, VP Technology, Print & Digital Editorial Systems", "object_id": "33", "change_message": "", "user": 1, "content_type": 11}}, {"pk": 57, "model": "admin.logentry", "fields": {"action_flag": 1, "action_time": "2012-05-23T12:30:11Z", "object_repr": "Aron Pihofer, Executive Director & Editor, Interactive News", "object_id": "32", "change_message": "", "user": 1, "content_type": 11}}, {"pk": 56, "model": "admin.logentry", "fields": {"action_flag": 1, "action_time": "2012-05-23T12:30:08Z", "object_repr": "Tyson Evans, Interactive News", "object_id": "31", "change_message": "", "user": 1, "content_type": 11}}, {"pk": 55, "model": "admin.logentry", "fields": {"action_flag": 1, "action_time": "2012-05-23T12:29:54Z", "object_repr": "Brian Hamman, Interactive News", "object_id": "30", "change_message": "", "user": 1, "content_type": 11}}, {"pk": 54, "model": "admin.logentry", "fields": {"action_flag": 2, "action_time": "2012-05-23T12:26:11Z", "object_repr": "Karim Meddahi, VP Infrastructure", "object_id": "3", "change_message": "Added reporting relationship \"Brian Weigler -- reports to --> Karim Meddahi\". Added reporting relationship \"Felix Favorito -- reports to --> Karim Meddahi\". Added reporting relationship \"Joel Beglieter -- reports to --> Karim Meddahi\". Added reporting relationship \"Vadim Jelezniakov -- reports to --> Karim Meddahi\". Added reporting relationship \"Stephen Balducci -- reports to --> Karim Meddahi\". Added reporting relationship \"Alex Castro -- reports to --> Karim Meddahi\". Added reporting relationship \"David Wang -- reports to --> Karim Meddahi\".", "user": 1, "content_type": 11}}, {"pk": 53, "model": "admin.logentry", "fields": {"action_flag": 1, "action_time": "2012-05-23T12:26:09Z", "object_repr": "David Wang, Sr. Database Administrator", "object_id": "29", "change_message": "", "user": 1, "content_type": 11}}, {"pk": 52, "model": "admin.logentry", "fields": {"action_flag": 1, "action_time": "2012-05-23T12:25:48Z", "object_repr": "Alex Castro, Network Administration", "object_id": "28", "change_message": "", "user": 1, "content_type": 11}}, {"pk": 51, "model": "admin.logentry", "fields": {"action_flag": 1, "action_time": "2012-05-23T12:25:21Z", "object_repr": "Stephen Balducci, Shared Services & Program Management", "object_id": "27", "change_message": "", "user": 1, "content_type": 11}}, {"pk": 50, "model": "admin.logentry", "fields": {"action_flag": 1, "action_time": "2012-05-23T12:24:37Z", "object_repr": "Vadim Jelezniakov, Executive Director, nytimes.com Infrastructure", "object_id": "26", "change_message": "", "user": 1, "content_type": 11}}, {"pk": 49, "model": "admin.logentry", "fields": {"action_flag": 1, "action_time": "2012-05-23T12:24:07Z", "object_repr": "Joel Beglieter, Enterprise Hosting & Computing Services", "object_id": "25", "change_message": "", "user": 1, "content_type": 11}}, {"pk": 48, "model": "admin.logentry", "fields": {"action_flag": 1, "action_time": "2012-05-23T12:23:28Z", "object_repr": "Felix Favorito, Enterprise Network & Storage Services", "object_id": "24", "change_message": "", "user": 1, "content_type": 11}}, {"pk": 47, "model": "admin.logentry", "fields": {"action_flag": 1, "action_time": "2012-05-23T12:19:54Z", "object_repr": "Brian Weigler, End User Services", "object_id": "23", "change_message": "", "user": 1, "content_type": 11}}, {"pk": 46, "model": "admin.logentry", "fields": {"action_flag": 2, "action_time": "2012-05-23T12:18:48Z", "object_repr": "Marc Frons, CIO, SVP", "object_id": "1", "change_message": "Added reporting relationship \"Brian Davenport -- dotted reports to --> Marc Frons\". Added reporting relationship \"Marguerite Brown-Toohey -- dotted reports to --> Marc Frons\". Added reporting relationship \"Karen Schmidt -- reports to --> Marc Frons\".", "user": 1, "content_type": 11}}, {"pk": 45, "model": "admin.logentry", "fields": {"action_flag": 1, "action_time": "2012-05-23T12:18:45Z", "object_repr": "Karen Schmidt, Office Manager & Executive Assistant", "object_id": "22", "change_message": "", "user": 1, "content_type": 11}}, {"pk": 44, "model": "admin.logentry", "fields": {"action_flag": 1, "action_time": "2012-05-23T12:18:02Z", "object_repr": "Marguerite Brown-Toohey, Financial Director", "object_id": "21", "change_message": "", "user": 1, "content_type": 11}}, {"pk": 43, "model": "admin.logentry", "fields": {"action_flag": 1, "action_time": "2012-05-23T12:16:53Z", "object_repr": "Brian Davenport, Managing Director, Shared Services Center", "object_id": "20", "change_message": "", "user": 1, "content_type": 11}}, {"pk": 42, "model": "admin.logentry", "fields": {"action_flag": 2, "action_time": "2012-05-23T11:23:09Z", "object_repr": "Marc Frons, CIO, SVP", "object_id": "1", "change_message": "Added reporting relationship \"Cindy Taibi -- reports to --> Marc Frons\". Added reporting relationship \"Mike Wilson -- reports to --> Marc Frons\". Added reporting relationship \"Judy Gross -- reports to --> Marc Frons\". Added reporting relationship \"David Perpich -- reports to --> Marc Frons\". Added reporting relationship \"Rob Larson -- reports to --> Marc Frons\".", "user": 1, "content_type": 11}}, {"pk": 41, "model": "admin.logentry", "fields": {"action_flag": 1, "action_time": "2012-05-23T11:22:53Z", "object_repr": "Rob Larson, VP, Search & Digital Production", "object_id": "19", "change_message": "", "user": 1, "content_type": 11}}, {"pk": 40, "model": "admin.logentry", "fields": {"action_flag": 1, "action_time": "2012-05-23T11:22:33Z", "object_repr": "David Perpich, VP, Product", "object_id": "18", "change_message": "", "user": 1, "content_type": 11}}, {"pk": 39, "model": "admin.logentry", "fields": {"action_flag": 1, "action_time": "2012-05-23T11:22:09Z", "object_repr": "Judy Gross, VP, Porfolio Management Office", "object_id": "17", "change_message": "", "user": 1, "content_type": 11}}, {"pk": 38, "model": "admin.logentry", "fields": {"action_flag": 1, "action_time": "2012-05-23T11:21:55Z", "object_repr": "Mike Wilson, Director, Porfolio Management Office", "object_id": "16", "change_message": "", "user": 1, "content_type": 11}}, {"pk": 37, "model": "admin.logentry", "fields": {"action_flag": 1, "action_time": "2012-05-23T11:21:26Z", "object_repr": "Cindy Taibi, Group Director, Advertising & Business Technology", "object_id": "15", "change_message": "", "user": 1, "content_type": 11}}, {"pk": 36, "model": "admin.logentry", "fields": {"action_flag": 1, "action_time": "2012-05-23T11:21:18Z", "object_repr": "John Tighe, Managing Director, Business Systems", "object_id": "14", "change_message": "", "user": 1, "content_type": 11}}, {"pk": 35, "model": "admin.logentry", "fields": {"action_flag": 1, "action_time": "2012-05-23T11:20:49Z", "object_repr": "Deepak Mohite, Managing Director, Advertising Technology", "object_id": "13", "change_message": "", "user": 1, "content_type": 11}}, {"pk": 34, "model": "admin.logentry", "fields": {"action_flag": 2, "action_time": "2012-05-23T11:18:33Z", "object_repr": "Rajiv Pant, CTO, VP", "object_id": "2", "change_message": "Added reporting relationship \"Mark O'Callaghan -- reports to --> Rajiv Pant\". Added reporting relationship \"Jagdish Reddy -- reports to --> Rajiv Pant\". Added reporting relationship \"Cameron Brown -- reports to --> Rajiv Pant\".", "user": 1, "content_type": 11}}, {"pk": 33, "model": "admin.logentry", "fields": {"action_flag": 1, "action_time": "2012-05-23T11:18:31Z", "object_repr": "Cameron Brown, Director, Ecommerce Technology", "object_id": "12", "change_message": "", "user": 1, "content_type": 11}}, {"pk": 32, "model": "admin.logentry", "fields": {"action_flag": 1, "action_time": "2012-05-23T11:17:43Z", "object_repr": "Jagdish Reddy, Director, Quality", "object_id": "11", "change_message": "", "user": 1, "content_type": 11}}, {"pk": 31, "model": "admin.logentry", "fields": {"action_flag": 1, "action_time": "2012-05-23T11:16:25Z", "object_repr": "Mark O'Callaghan, Director, Project Management", "object_id": "10", "change_message": "", "user": 1, "content_type": 11}}, {"pk": 30, "model": "admin.logentry", "fields": {"action_flag": 1, "action_time": "2012-05-23T11:16:21Z", "object_repr": "Jim Dryfoos, Associate Director, Project Management", "object_id": "9", "change_message": "", "user": 1, "content_type": 11}}, {"pk": 29, "model": "admin.logentry", "fields": {"action_flag": 1, "action_time": "2012-05-23T01:37:01Z", "object_repr": "Marc Frons -- reports to --> Denise Warren", "object_id": "7", "change_message": "", "user": 1, "content_type": 12}}, {"pk": 28, "model": "admin.logentry", "fields": {"action_flag": 1, "action_time": "2012-05-23T01:36:57Z", "object_repr": "Denise Warren, SVP", "object_id": "8", "change_message": "", "user": 1, "content_type": 11}}, {"pk": 27, "model": "admin.logentry", "fields": {"action_flag": 2, "action_time": "2012-05-23T00:26:57Z", "object_repr": "NYTimes Admins", "object_id": "1", "change_message": "No fields changed.", "user": 1, "content_type": 2}}, {"pk": 26, "model": "admin.logentry", "fields": {"action_flag": 1, "action_time": "2012-05-23T00:26:48Z", "object_repr": "NYTimes Admins", "object_id": "1", "change_message": "", "user": 1, "content_type": 2}}, {"pk": 25, "model": "admin.logentry", "fields": {"action_flag": 2, "action_time": "2012-05-23T00:25:22Z", "object_repr": "sharon.jacobs@nytimes.com", "object_id": "5", "change_message": "Changed password, first_name, last_name and email.", "user": 1, "content_type": 3}}, {"pk": 24, "model": "admin.logentry", "fields": {"action_flag": 1, "action_time": "2012-05-23T00:25:04Z", "object_repr": "sharon.jacobs@nytimes.com", "object_id": "5", "change_message": "", "user": 1, "content_type": 3}}, {"pk": 23, "model": "admin.logentry", "fields": {"action_flag": 2, "action_time": "2012-05-23T00:24:09Z", "object_repr": "matt.haradon@nytimes.com", "object_id": "4", "change_message": "Changed password, first_name, last_name and email.", "user": 1, "content_type": 3}}, {"pk": 22, "model": "admin.logentry", "fields": {"action_flag": 1, "action_time": "2012-05-23T00:23:53Z", "object_repr": "matt.haradon@nytimes.com", "object_id": "4", "change_message": "", "user": 1, "content_type": 3}}, {"pk": 21, "model": "admin.logentry", "fields": {"action_flag": 2, "action_time": "2012-05-23T00:23:23Z", "object_repr": "tahir.khan@nytimes.com", "object_id": "3", "change_message": "Changed password, first_name, last_name and email.", "user": 1, "content_type": 3}}, {"pk": 20, "model": "admin.logentry", "fields": {"action_flag": 1, "action_time": "2012-05-23T00:22:57Z", "object_repr": "tahir.khan@nytimes.com", "object_id": "3", "change_message": "", "user": 1, "content_type": 3}}, {"pk": 19, "model": "admin.logentry", "fields": {"action_flag": 2, "action_time": "2012-05-23T00:22:01Z", "object_repr": "rajiv.pant@nytimes.com", "object_id": "1", "change_message": "Changed username, password, first_name and last_name.", "user": 1, "content_type": 3}}, {"pk": 18, "model": "admin.logentry", "fields": {"action_flag": 2, "action_time": "2012-05-23T00:21:28Z", "object_repr": "marc.frons@nytimes.com", "object_id": "2", "change_message": "Changed password, first_name, last_name and email.", "user": 1, "content_type": 3}}, {"pk": 17, "model": "admin.logentry", "fields": {"action_flag": 1, "action_time": "2012-05-23T00:20:47Z", "object_repr": "marc.frons@nytimes.com", "object_id": "2", "change_message": "", "user": 1, "content_type": 3}}, {"pk": 16, "model": "admin.logentry", "fields": {"action_flag": 1, "action_time": "2012-05-22T22:05:30Z", "object_repr": "Rajiv Pant -- reports to --> Jill Abramson", "object_id": "6", "change_message": "", "user": 1, "content_type": 12}}, {"pk": 15, "model": "admin.logentry", "fields": {"action_flag": 1, "action_time": "2012-05-22T22:05:03Z", "object_repr": "Jill Abramson, Executive Editor", "object_id": "7", "change_message": "", "user": 1, "content_type": 11}}, {"pk": 14, "model": "admin.logentry", "fields": {"action_flag": 1, "action_time": "2012-05-22T21:57:43Z", "object_repr": "ReportingRelationship object", "object_id": "5", "change_message": "", "user": 1, "content_type": 12}}, {"pk": 13, "model": "admin.logentry", "fields": {"action_flag": 1, "action_time": "2012-05-22T21:57:35Z", "object_repr": "ReportingRelationship object", "object_id": "4", "change_message": "", "user": 1, "content_type": 12}}, {"pk": 12, "model": "admin.logentry", "fields": {"action_flag": 1, "action_time": "2012-05-22T21:57:26Z", "object_repr": "ReportingRelationship object", "object_id": "3", "change_message": "", "user": 1, "content_type": 12}}, {"pk": 11, "model": "admin.logentry", "fields": {"action_flag": 1, "action_time": "2012-05-22T21:57:18Z", "object_repr": "ReportingRelationship object", "object_id": "2", "change_message": "", "user": 1, "content_type": 12}}, {"pk": 10, "model": "admin.logentry", "fields": {"action_flag": 1, "action_time": "2012-05-22T21:57:03Z", "object_repr": "ReportingRelationship object", "object_id": "1", "change_message": "", "user": 1, "content_type": 12}}, {"pk": 9, "model": "admin.logentry", "fields": {"action_flag": 1, "action_time": "2012-05-22T21:54:27Z", "object_repr": "Gary Sebel, Director, Security", "object_id": "6", "change_message": "", "user": 1, "content_type": 11}}, {"pk": 8, "model": "admin.logentry", "fields": {"action_flag": 1, "action_time": "2012-05-22T21:54:11Z", "object_repr": "Mike Higgins, Chief Security Officer, VP", "object_id": "5", "change_message": "", "user": 1, "content_type": 11}}, {"pk": 7, "model": "admin.logentry", "fields": {"action_flag": 1, "action_time": "2012-05-22T21:53:48Z", "object_repr": "Brian Murphy, VP Engineering", "object_id": "4", "change_message": "", "user": 1, "content_type": 11}}, {"pk": 6, "model": "admin.logentry", "fields": {"action_flag": 1, "action_time": "2012-05-22T21:53:38Z", "object_repr": "Karim Meddahi, VP Infrastructure", "object_id": "3", "change_message": "", "user": 1, "content_type": 11}}, {"pk": 5, "model": "admin.logentry", "fields": {"action_flag": 1, "action_time": "2012-05-22T21:53:25Z", "object_repr": "Rajiv Pant, CTO, VP", "object_id": "2", "change_message": "", "user": 1, "content_type": 11}}, {"pk": 4, "model": "admin.logentry", "fields": {"action_flag": 1, "action_time": "2012-05-22T21:53:17Z", "object_repr": "Marc Frons, CIO, SVP", "object_id": "1", "change_message": "", "user": 1, "content_type": 11}}, {"pk": 3, "model": "admin.logentry", "fields": {"action_flag": 1, "action_time": "2012-05-22T18:46:41Z", "object_repr": "Karim Meddahi, VP Infrastructure", "object_id": "3", "change_message": "", "user": 1, "content_type": 11}}, {"pk": 2, "model": "admin.logentry", "fields": {"action_flag": 1, "action_time": "2012-05-22T16:28:28Z", "object_repr": "Rajiv Pant", "object_id": "2", "change_message": "", "user": 1, "content_type": 11}}, {"pk": 1, "model": "admin.logentry", "fields": {"action_flag": 1, "action_time": "2012-05-22T16:28:21Z", "object_repr": "Marc Frons", "object_id": "1", "change_message": "", "user": 1, "content_type": 11}}]