[{"pk": 4, "model": "contenttypes.contenttype", "fields": {"model": "contenttype", "name": "content type", "app_label": "contenttypes"}}, {"pk": 11, "model": "contenttypes.contenttype", "fields": {"model": "employee", "name": "employee", "app_label": "orgchartapp"}}, {"pk": 2, "model": "contenttypes.contenttype", "fields": {"model": "group", "name": "group", "app_label": "auth"}}, {"pk": 7, "model": "contenttypes.contenttype", "fields": {"model": "logentry", "name": "log entry", "app_label": "admin"}}, {"pk": 1, "model": "contenttypes.contenttype", "fields": {"model": "permission", "name": "permission", "app_label": "auth"}}, {"pk": 12, "model": "contenttypes.contenttype", "fields": {"model": "reportingrelationship", "name": "reporting relationship", "app_label": "orgchartapp"}}, {"pk": 5, "model": "contenttypes.contenttype", "fields": {"model": "session", "name": "session", "app_label": "sessions"}}, {"pk": 6, "model": "contenttypes.contenttype", "fields": {"model": "site", "name": "site", "app_label": "sites"}}, {"pk": 3, "model": "contenttypes.contenttype", "fields": {"model": "user", "name": "user", "app_label": "auth"}}, {"pk": "32a8eb0e2bf1bba5f7a607ab2f2d369f", "model": "sessions.session", "fields": {"expire_date": "2012-06-05T15:34:56.818Z", "session_data": "MTA2ZDY5OTgyMTcxYTVjY2VkOWNhM2RhYzFlZWMyZTkzNmVkMzcwODqAAn1xAShVEl9hdXRoX3Vz\nZXJfYmFja2VuZHECVSlkamFuZ28uY29udHJpYi5hdXRoLmJhY2tlbmRzLk1vZGVsQmFja2VuZHED\nVQ1fYXV0aF91c2VyX2lkcQRLAXUu\n"}}, {"pk": "9e43f7641c019b3535d9450f3e2ffa25", "model": "sessions.session", "fields": {"expire_date": "2012-06-20T15:43:47.492Z", "session_data": "ZDExYjA0ZDE5Nzc5YmE1NTNiMmU1NWQ0NGQwMDgyZTA2OWE4NzU0YjqAAn1xAVUKdGVzdGNvb2tp\nZXECVQZ3b3JrZWRxA3Mu\n"}}, {"pk": "96cf8a5bf76b9532f62167d56926b35d", "model": "sessions.session", "fields": {"expire_date": "2012-06-20T15:45:28.322Z", "session_data": "MTA2ZDY5OTgyMTcxYTVjY2VkOWNhM2RhYzFlZWMyZTkzNmVkMzcwODqAAn1xAShVEl9hdXRoX3Vz\nZXJfYmFja2VuZHECVSlkamFuZ28uY29udHJpYi5hdXRoLmJhY2tlbmRzLk1vZGVsQmFja2VuZHED\nVQ1fYXV0aF91c2VyX2lkcQRLAXUu\n"}}, {"pk": 1, "model": "sites.site", "fields": {"domain": "example.com", "name": "example.com"}}, {"pk": 1, "model": "orgchartapp.employee", "fields": {"contractor": false, "part_time_status": false, "full_name": "Marc Frons", "job_title": "CIO, SVP"}}, {"pk": 2, "model": "orgchartapp.employee", "fields": {"contractor": false, "part_time_status": false, "full_name": "Rajiv Pant", "job_title": "CTO, VP"}}, {"pk": 3, "model": "orgchartapp.employee", "fields": {"contractor": false, "part_time_status": false, "full_name": "Karim Meddahi", "job_title": "VP Infrastructure"}}, {"pk": 4, "model": "orgchartapp.employee", "fields": {"contractor": false, "part_time_status": false, "full_name": "Brian Murphy", "job_title": "VP Engineering"}}, {"pk": 5, "model": "orgchartapp.employee", "fields": {"contractor": false, "part_time_status": false, "full_name": "Mike Higgins", "job_title": "Chief Security Officer, VP"}}, {"pk": 6, "model": "orgchartapp.employee", "fields": {"contractor": false, "part_time_status": false, "full_name": "Gary Sebel", "job_title": "Director, Security"}}, {"pk": 7, "model": "orgchartapp.employee", "fields": {"contractor": false, "part_time_status": false, "full_name": "Jill Abramson", "job_title": "Executive Editor"}}, {"pk": 8, "model": "orgchartapp.employee", "fields": {"contractor": false, "part_time_status": false, "full_name": "Denise Warren", "job_title": "SVP"}}, {"pk": 9, "model": "orgchartapp.employee", "fields": {"contractor": false, "part_time_status": false, "full_name": "Jim Dryfoos", "job_title": "Associate Director, Project Management"}}, {"pk": 10, "model": "orgchartapp.employee", "fields": {"contractor": false, "part_time_status": false, "full_name": "Mark O'Callaghan", "job_title": "Director, Project Management"}}, {"pk": 11, "model": "orgchartapp.employee", "fields": {"contractor": false, "part_time_status": false, "full_name": "Jagdish Reddy", "job_title": "Director, Quality"}}, {"pk": 12, "model": "orgchartapp.employee", "fields": {"contractor": false, "part_time_status": false, "full_name": "Cameron Brown", "job_title": "Director, Ecommerce Technology"}}, {"pk": 13, "model": "orgchartapp.employee", "fields": {"contractor": false, "part_time_status": false, "full_name": "Deepak Mohite", "job_title": "Managing Director, Advertising Technology"}}, {"pk": 14, "model": "orgchartapp.employee", "fields": {"contractor": false, "part_time_status": false, "full_name": "John Tighe", "job_title": "Managing Director, Business Systems"}}, {"pk": 15, "model": "orgchartapp.employee", "fields": {"contractor": false, "part_time_status": false, "full_name": "Cindy Taibi", "job_title": "Group Director, Advertising & Business Technology"}}, {"pk": 16, "model": "orgchartapp.employee", "fields": {"contractor": false, "part_time_status": true, "full_name": "Mike Wilson", "job_title": "Director, Porfolio Management Office"}}, {"pk": 17, "model": "orgchartapp.employee", "fields": {"contractor": false, "part_time_status": false, "full_name": "Judy Gross", "job_title": "VP, Strategy"}}, {"pk": 18, "model": "orgchartapp.employee", "fields": {"contractor": false, "part_time_status": false, "full_name": "David Perpich", "job_title": "VP, Product"}}, {"pk": 19, "model": "orgchartapp.employee", "fields": {"contractor": false, "part_time_status": false, "full_name": "Rob Larson", "job_title": "VP, Search & Digital Production"}}, {"pk": 20, "model": "orgchartapp.employee", "fields": {"contractor": false, "part_time_status": false, "full_name": "Brian Davenport", "job_title": "Managing Director, Shared Services Center"}}, {"pk": 21, "model": "orgchartapp.employee", "fields": {"contractor": false, "part_time_status": false, "full_name": "Marguerite Brown-Toohey", "job_title": "Financial Director"}}, {"pk": 22, "model": "orgchartapp.employee", "fields": {"contractor": false, "part_time_status": false, "full_name": "Karen Schmidt", "job_title": "Office Manager & Executive Assistant"}}, {"pk": 23, "model": "orgchartapp.employee", "fields": {"contractor": false, "part_time_status": false, "full_name": "Brian Weigler", "job_title": "End User Services"}}, {"pk": 24, "model": "orgchartapp.employee", "fields": {"contractor": false, "part_time_status": false, "full_name": "Felix Favorito", "job_title": "Enterprise Network & Storage Services"}}, {"pk": 25, "model": "orgchartapp.employee", "fields": {"contractor": false, "part_time_status": false, "full_name": "Joel Beglieter", "job_title": "Enterprise Hosting & Computing Services"}}, {"pk": 26, "model": "orgchartapp.employee", "fields": {"contractor": false, "part_time_status": false, "full_name": "Vadim Jelezniakov", "job_title": "Executive Director, nytimes.com Infrastructure"}}, {"pk": 27, "model": "orgchartapp.employee", "fields": {"contractor": false, "part_time_status": false, "full_name": "Stephen Balducci", "job_title": "Shared Services & Program Management"}}, {"pk": 28, "model": "orgchartapp.employee", "fields": {"contractor": false, "part_time_status": false, "full_name": "Alex Castro", "job_title": "Network Administration"}}, {"pk": 29, "model": "orgchartapp.employee", "fields": {"contractor": true, "part_time_status": false, "full_name": "David Wang", "job_title": "Sr. Database Administrator"}}, {"pk": 30, "model": "orgchartapp.employee", "fields": {"contractor": false, "part_time_status": false, "full_name": "Brian Hamman", "job_title": "Interactive News"}}, {"pk": 31, "model": "orgchartapp.employee", "fields": {"contractor": false, "part_time_status": false, "full_name": "Tyson Evans", "job_title": "Interactive News"}}, {"pk": 32, "model": "orgchartapp.employee", "fields": {"contractor": false, "part_time_status": false, "full_name": "Aron Pihofer", "job_title": "Executive Director & Editor, Interactive News"}}, {"pk": 33, "model": "orgchartapp.employee", "fields": {"contractor": false, "part_time_status": false, "full_name": "Brad Kagawa", "job_title": "VP Technology, Print & Digital Editorial Systems"}}, {"pk": 34, "model": "orgchartapp.employee", "fields": {"contractor": false, "part_time_status": false, "full_name": "Tahir Khan", "job_title": "Director, Business Intelligence"}}, {"pk": 35, "model": "orgchartapp.employee", "fields": {"contractor": false, "part_time_status": false, "full_name": "Jason Phelps", "job_title": "Manager"}}, {"pk": 36, "model": "orgchartapp.employee", "fields": {"contractor": false, "part_time_status": false, "full_name": "Greg Felice", "job_title": "Sr. Manager, Process Architecture"}}, {"pk": 37, "model": "orgchartapp.employee", "fields": {"contractor": false, "part_time_status": false, "full_name": "Anniesa Singh", "job_title": "Administrative Assitant"}}, {"pk": 38, "model": "orgchartapp.employee", "fields": {"contractor": false, "part_time_status": false, "full_name": "TBD", "job_title": "VP, Ecommerce Technology"}}, {"pk": 39, "model": "orgchartapp.employee", "fields": {"contractor": false, "part_time_status": false, "full_name": "Ian Moore", "job_title": "Group Director"}}, {"pk": 40, "model": "orgchartapp.employee", "fields": {"contractor": false, "part_time_status": false, "full_name": "Lilia Tovbin", "job_title": "Associate Director"}}, {"pk": 41, "model": "orgchartapp.employee", "fields": {"contractor": false, "part_time_status": false, "full_name": "Mark Gmunder", "job_title": "Print Publishing, News & Marketing Systems"}}, {"pk": 42, "model": "orgchartapp.employee", "fields": {"contractor": false, "part_time_status": false, "full_name": "Luke Vnenchak", "job_title": "Director, CMS"}}, {"pk": 43, "model": "orgchartapp.employee", "fields": {"contractor": false, "part_time_status": false, "full_name": "Rachel Berger", "job_title": "Associate Director, Program Management"}}, {"pk": 44, "model": "orgchartapp.employee", "fields": {"contractor": false, "part_time_status": false, "full_name": "Chris Utz", "job_title": "Sr. Software Architect"}}, {"pk": 45, "model": "orgchartapp.employee", "fields": {"contractor": false, "part_time_status": false, "full_name": "Satya", "job_title": "Database Engineer"}}, {"pk": 46, "model": "orgchartapp.employee", "fields": {"contractor": false, "part_time_status": false, "full_name": "Sharon Sokoloff", "job_title": "Director, Data Warehousing"}}, {"pk": 47, "model": "orgchartapp.employee", "fields": {"contractor": false, "part_time_status": false, "full_name": "Russ Simpkins", "job_title": "Manager, Technology"}}, {"pk": 48, "model": "orgchartapp.employee", "fields": {"contractor": false, "part_time_status": false, "full_name": "Ben Gerst", "job_title": "Executive Director, Technology"}}, {"pk": 49, "model": "orgchartapp.employee", "fields": {"contractor": false, "part_time_status": false, "full_name": "Mike Finkel", "job_title": "Executive Director, Technology"}}, {"pk": 50, "model": "orgchartapp.employee", "fields": {"contractor": false, "part_time_status": false, "full_name": "Jon Oden", "job_title": "Director, Technology"}}, {"pk": 51, "model": "orgchartapp.employee", "fields": {"contractor": false, "part_time_status": false, "full_name": "Scott Heekin-Canedy", "job_title": "President & General Manager, The New York Times"}}, {"pk": 52, "model": "orgchartapp.employee", "fields": {"contractor": false, "part_time_status": false, "full_name": "Padma Akella", "job_title": "Software Architect"}}, {"pk": 53, "model": "orgchartapp.employee", "fields": {"contractor": false, "part_time_status": false, "full_name": "Ashwin Singh", "job_title": "Manager, Quality Assurance"}}, {"pk": 54, "model": "orgchartapp.employee", "fields": {"contractor": false, "part_time_status": false, "full_name": "Julius Sarkozy", "job_title": "Program Manager, Ecommerce Technology"}}, {"pk": 55, "model": "orgchartapp.employee", "fields": {"contractor": false, "part_time_status": false, "full_name": "Arthur Sulzberger, Jr.", "job_title": "Publisher, Chairman & CEO"}}, {"pk": 1, "model": "orgchartapp.reportingrelationship", "fields": {"employee": 2, "supervisor": 1, "dotted": false}}, {"pk": 2, "model": "orgchartapp.reportingrelationship", "fields": {"employee": 3, "supervisor": 1, "dotted": false}}, {"pk": 3, "model": "orgchartapp.reportingrelationship", "fields": {"employee": 4, "supervisor": 2, "dotted": false}}, {"pk": 4, "model": "orgchartapp.reportingrelationship", "fields": {"employee": 5, "supervisor": 1, "dotted": false}}, {"pk": 5, "model": "orgchartapp.reportingrelationship", "fields": {"employee": 6, "supervisor": 5, "dotted": false}}, {"pk": 6, "model": "orgchartapp.reportingrelationship", "fields": {"employee": 2, "supervisor": 7, "dotted": true}}, {"pk": 7, "model": "orgchartapp.reportingrelationship", "fields": {"employee": 1, "supervisor": 8, "dotted": false}}, {"pk": 8, "model": "orgchartapp.reportingrelationship", "fields": {"employee": 9, "supervisor": 10, "dotted": false}}, {"pk": 9, "model": "orgchartapp.reportingrelationship", "fields": {"employee": 10, "supervisor": 2, "dotted": false}}, {"pk": 10, "model": "orgchartapp.reportingrelationship", "fields": {"employee": 11, "supervisor": 2, "dotted": false}}, {"pk": 12, "model": "orgchartapp.reportingrelationship", "fields": {"employee": 13, "supervisor": 15, "dotted": false}}, {"pk": 13, "model": "orgchartapp.reportingrelationship", "fields": {"employee": 14, "supervisor": 15, "dotted": false}}, {"pk": 14, "model": "orgchartapp.reportingrelationship", "fields": {"employee": 15, "supervisor": 1, "dotted": false}}, {"pk": 15, "model": "orgchartapp.reportingrelationship", "fields": {"employee": 16, "supervisor": 1, "dotted": false}}, {"pk": 16, "model": "orgchartapp.reportingrelationship", "fields": {"employee": 17, "supervisor": 1, "dotted": false}}, {"pk": 17, "model": "orgchartapp.reportingrelationship", "fields": {"employee": 18, "supervisor": 1, "dotted": false}}, {"pk": 18, "model": "orgchartapp.reportingrelationship", "fields": {"employee": 19, "supervisor": 1, "dotted": false}}, {"pk": 19, "model": "orgchartapp.reportingrelationship", "fields": {"employee": 20, "supervisor": 1, "dotted": true}}, {"pk": 20, "model": "orgchartapp.reportingrelationship", "fields": {"employee": 21, "supervisor": 1, "dotted": true}}, {"pk": 21, "model": "orgchartapp.reportingrelationship", "fields": {"employee": 22, "supervisor": 1, "dotted": false}}, {"pk": 22, "model": "orgchartapp.reportingrelationship", "fields": {"employee": 23, "supervisor": 3, "dotted": false}}, {"pk": 23, "model": "orgchartapp.reportingrelationship", "fields": {"employee": 24, "supervisor": 3, "dotted": false}}, {"pk": 24, "model": "orgchartapp.reportingrelationship", "fields": {"employee": 25, "supervisor": 3, "dotted": false}}, {"pk": 25, "model": "orgchartapp.reportingrelationship", "fields": {"employee": 26, "supervisor": 3, "dotted": false}}, {"pk": 26, "model": "orgchartapp.reportingrelationship", "fields": {"employee": 27, "supervisor": 3, "dotted": false}}, {"pk": 27, "model": "orgchartapp.reportingrelationship", "fields": {"employee": 28, "supervisor": 3, "dotted": false}}, {"pk": 28, "model": "orgchartapp.reportingrelationship", "fields": {"employee": 29, "supervisor": 3, "dotted": false}}, {"pk": 29, "model": "orgchartapp.reportingrelationship", "fields": {"employee": 30, "supervisor": 32, "dotted": false}}, {"pk": 30, "model": "orgchartapp.reportingrelationship", "fields": {"employee": 31, "supervisor": 32, "dotted": false}}, {"pk": 31, "model": "orgchartapp.reportingrelationship", "fields": {"employee": 35, "supervisor": 36, "dotted": false}}, {"pk": 32, "model": "orgchartapp.reportingrelationship", "fields": {"employee": 32, "supervisor": 2, "dotted": false}}, {"pk": 33, "model": "orgchartapp.reportingrelationship", "fields": {"employee": 33, "supervisor": 2, "dotted": false}}, {"pk": 34, "model": "orgchartapp.reportingrelationship", "fields": {"employee": 34, "supervisor": 2, "dotted": false}}, {"pk": 35, "model": "orgchartapp.reportingrelationship", "fields": {"employee": 36, "supervisor": 2, "dotted": false}}, {"pk": 36, "model": "orgchartapp.reportingrelationship", "fields": {"employee": 37, "supervisor": 2, "dotted": false}}, {"pk": 37, "model": "orgchartapp.reportingrelationship", "fields": {"employee": 12, "supervisor": 38, "dotted": false}}, {"pk": 38, "model": "orgchartapp.reportingrelationship", "fields": {"employee": 38, "supervisor": 2, "dotted": false}}, {"pk": 39, "model": "orgchartapp.reportingrelationship", "fields": {"employee": 39, "supervisor": 38, "dotted": false}}, {"pk": 41, "model": "orgchartapp.reportingrelationship", "fields": {"employee": 45, "supervisor": 46, "dotted": false}}, {"pk": 42, "model": "orgchartapp.reportingrelationship", "fields": {"employee": 44, "supervisor": 34, "dotted": false}}, {"pk": 43, "model": "orgchartapp.reportingrelationship", "fields": {"employee": 46, "supervisor": 34, "dotted": false}}, {"pk": 44, "model": "orgchartapp.reportingrelationship", "fields": {"employee": 47, "supervisor": 48, "dotted": false}}, {"pk": 45, "model": "orgchartapp.reportingrelationship", "fields": {"employee": 48, "supervisor": 4, "dotted": false}}, {"pk": 46, "model": "orgchartapp.reportingrelationship", "fields": {"employee": 40, "supervisor": 38, "dotted": false}}, {"pk": 47, "model": "orgchartapp.reportingrelationship", "fields": {"employee": 49, "supervisor": 4, "dotted": false}}, {"pk": 48, "model": "orgchartapp.reportingrelationship", "fields": {"employee": 50, "supervisor": 4, "dotted": false}}, {"pk": 49, "model": "orgchartapp.reportingrelationship", "fields": {"employee": 8, "supervisor": 51, "dotted": false}}, {"pk": 50, "model": "orgchartapp.reportingrelationship", "fields": {"employee": 52, "supervisor": 34, "dotted": false}}, {"pk": 51, "model": "orgchartapp.reportingrelationship", "fields": {"employee": 53, "supervisor": 11, "dotted": false}}, {"pk": 52, "model": "orgchartapp.reportingrelationship", "fields": {"employee": 54, "supervisor": 38, "dotted": false}}, {"pk": 53, "model": "orgchartapp.reportingrelationship", "fields": {"employee": 51, "supervisor": 55, "dotted": false}}, {"pk": 19, "model": "auth.permission", "fields": {"codename": "add_logentry", "name": "Can add log entry", "content_type": 7}}, {"pk": 20, "model": "auth.permission", "fields": {"codename": "change_logentry", "name": "Can change log entry", "content_type": 7}}, {"pk": 21, "model": "auth.permission", "fields": {"codename": "delete_logentry", "name": "Can delete log entry", "content_type": 7}}, {"pk": 1, "model": "auth.permission", "fields": {"codename": "add_group", "name": "Can add group", "content_type": 2}}, {"pk": 4, "model": "auth.permission", "fields": {"codename": "change_group", "name": "Can change group", "content_type": 2}}, {"pk": 7, "model": "auth.permission", "fields": {"codename": "delete_group", "name": "Can delete group", "content_type": 2}}, {"pk": 2, "model": "auth.permission", "fields": {"codename": "add_permission", "name": "Can add permission", "content_type": 1}}, {"pk": 5, "model": "auth.permission", "fields": {"codename": "change_permission", "name": "Can change permission", "content_type": 1}}, {"pk": 8, "model": "auth.permission", "fields": {"codename": "delete_permission", "name": "Can delete permission", "content_type": 1}}, {"pk": 3, "model": "auth.permission", "fields": {"codename": "add_user", "name": "Can add user", "content_type": 3}}, {"pk": 6, "model": "auth.permission", "fields": {"codename": "change_user", "name": "Can change user", "content_type": 3}}, {"pk": 9, "model": "auth.permission", "fields": {"codename": "delete_user", "name": "Can delete user", "content_type": 3}}, {"pk": 10, "model": "auth.permission", "fields": {"codename": "add_contenttype", "name": "Can add content type", "content_type": 4}}, {"pk": 11, "model": "auth.permission", "fields": {"codename": "change_contenttype", "name": "Can change content type", "content_type": 4}}, {"pk": 12, "model": "auth.permission", "fields": {"codename": "delete_contenttype", "name": "Can delete content type", "content_type": 4}}, {"pk": 31, "model": "auth.permission", "fields": {"codename": "add_employee", "name": "Can add employee", "content_type": 11}}, {"pk": 32, "model": "auth.permission", "fields": {"codename": "change_employee", "name": "Can change employee", "content_type": 11}}, {"pk": 33, "model": "auth.permission", "fields": {"codename": "delete_employee", "name": "Can delete employee", "content_type": 11}}, {"pk": 34, "model": "auth.permission", "fields": {"codename": "add_reportingrelationship", "name": "Can add reporting relationship", "content_type": 12}}, {"pk": 35, "model": "auth.permission", "fields": {"codename": "change_reportingrelationship", "name": "Can change reporting relationship", "content_type": 12}}, {"pk": 36, "model": "auth.permission", "fields": {"codename": "delete_reportingrelationship", "name": "Can delete reporting relationship", "content_type": 12}}, {"pk": 13, "model": "auth.permission", "fields": {"codename": "add_session", "name": "Can add session", "content_type": 5}}, {"pk": 14, "model": "auth.permission", "fields": {"codename": "change_session", "name": "Can change session", "content_type": 5}}, {"pk": 15, "model": "auth.permission", "fields": {"codename": "delete_session", "name": "Can delete session", "content_type": 5}}, {"pk": 16, "model": "auth.permission", "fields": {"codename": "add_site", "name": "Can add site", "content_type": 6}}, {"pk": 17, "model": "auth.permission", "fields": {"codename": "change_site", "name": "Can change site", "content_type": 6}}, {"pk": 18, "model": "auth.permission", "fields": {"codename": "delete_site", "name": "Can delete site", "content_type": 6}}, {"pk": 1, "model": "auth.group", "fields": {"name": "NYTimes Admins", "permissions": [31, 32, 33, 34, 35, 36]}}, {"pk": 1, "model": "auth.user", "fields": {"username": "rajiv.pant@nytimes.com", "first_name": "Rajiv", "last_name": "Pant", "is_active": true, "is_superuser": true, "is_staff": true, "last_login": "2012-06-06T15:45:28.283Z", "groups": [], "user_permissions": [], "password": "pbkdf2_sha256$10000$xDuaFzSWob4W$SX9ml0lkJWXDfpNqshW3Esp1l7/tH/rinoQ/3Ffsu3s=", "email": "rajiv.pant@nytimes.com", "date_joined": "2012-05-22T15:15:04Z"}}, {"pk": 2, "model": "auth.user", "fields": {"username": "marc.frons@nytimes.com", "first_name": "Marc", "last_name": "Frons", "is_active": true, "is_superuser": false, "is_staff": false, "last_login": "2012-05-23T00:20:47Z", "groups": [], "user_permissions": [], "password": "pbkdf2_sha256$10000$e9mvuHPzMpcF$ecguW2k8g0aV6MrGL+IUZABmlX2lwp6Jb+aKjZXE6Z4=", "email": "marc.frons@nytimes.com", "date_joined": "2012-05-23T00:20:47Z"}}, {"pk": 3, "model": "auth.user", "fields": {"username": "tahir.khan@nytimes.com", "first_name": "Tahir", "last_name": "Khan", "is_active": true, "is_superuser": false, "is_staff": false, "last_login": "2012-05-23T00:22:56Z", "groups": [], "user_permissions": [], "password": "pbkdf2_sha256$10000$7gbhkBcA2G2d$4bG+NKYqwnlN8YjLywfW6ix4XQyFvS1CA1FUkY1lztw=", "email": "tahir.khan@nytimes.com", "date_joined": "2012-05-23T00:22:56Z"}}, {"pk": 4, "model": "auth.user", "fields": {"username": "matt.haradon@nytimes.com", "first_name": "Matt", "last_name": "Haradon", "is_active": true, "is_superuser": false, "is_staff": false, "last_login": "2012-05-23T00:23:53Z", "groups": [], "user_permissions": [], "password": "pbkdf2_sha256$10000$jTUAQWqcSEmy$yIfuq2mb2TRJkb/ROsGjwzROxTdgs905z/HBBZjfn8g=", "email": "matt.haradon@nytimes.com", "date_joined": "2012-05-23T00:23:53Z"}}, {"pk": 5, "model": "auth.user", "fields": {"username": "sharon.jacobs@nytimes.com", "first_name": "Sharon", "last_name": "Jacobs", "is_active": true, "is_superuser": false, "is_staff": false, "last_login": "2012-05-23T00:25:03Z", "groups": [], "user_permissions": [], "password": "pbkdf2_sha256$10000$Eco9UoK5DaLw$syjuK55h5q3jrlS7NRbhj6BKMiQciweknz4BhTZ+V74=", "email": "sharon.jacobs@nytimes.com", "date_joined": "2012-05-23T00:25:03Z"}}, {"pk": 100, "model": "admin.logentry", "fields": {"action_flag": 2, "action_time": "2012-06-11T12:52:02.883Z", "object_repr": "Arthur Sulzberger, Jr., Publisher, Chairman & CEO", "object_id": "55", "change_message": "Changed job_title.", "user": 1, "content_type": 11}}, {"pk": 99, "model": "admin.logentry", "fields": {"action_flag": 1, "action_time": "2012-06-11T11:32:39.530Z", "object_repr": "Arthur Sulzberger, Jr., Chairman & CEO", "object_id": "55", "change_message": "", "user": 1, "content_type": 11}}, {"pk": 98, "model": "admin.logentry", "fields": {"action_flag": 2, "action_time": "2012-06-10T23:49:55.659Z", "object_repr": "TBD, VP, Ecommerce Technology", "object_id": "38", "change_message": "Added reporting relationship \"Julius Sarkozy -- reports to --> TBD\".", "user": 1, "content_type": 11}}, {"pk": 97, "model": "admin.logentry", "fields": {"action_flag": 1, "action_time": "2012-06-10T23:49:50.745Z", "object_repr": "Julius Sarkozy, Program Manager, Ecommerce Technology", "object_id": "54", "change_message": "", "user": 1, "content_type": 11}}, {"pk": 96, "model": "admin.logentry", "fields": {"action_flag": 2, "action_time": "2012-06-10T23:48:01.888Z", "object_repr": "Jagdish Reddy, Director, Quality", "object_id": "11", "change_message": "Added reporting relationship \"Ashwin Singh -- reports to --> Jagdish Reddy\".", "user": 1, "content_type": 11}}, {"pk": 95, "model": "admin.logentry", "fields": {"action_flag": 1, "action_time": "2012-06-10T23:47:58.758Z", "object_repr": "Ashwin Singh, Manager, Quality Assurance", "object_id": "53", "change_message": "", "user": 1, "content_type": 11}}, {"pk": 94, "model": "admin.logentry", "fields": {"action_flag": 2, "action_time": "2012-06-10T23:46:43.496Z", "object_repr": "Tahir Khan, Director, Business Intelligence", "object_id": "34", "change_message": "Added reporting relationship \"Padma Akella -- reports to --> Tahir Khan\".", "user": 1, "content_type": 11}}, {"pk": 93, "model": "admin.logentry", "fields": {"action_flag": 1, "action_time": "2012-06-10T23:46:38.999Z", "object_repr": "Padma Akella, Software Architect", "object_id": "52", "change_message": "", "user": 1, "content_type": 11}}, {"pk": 92, "model": "admin.logentry", "fields": {"action_flag": 1, "action_time": "2012-06-10T22:05:10.819Z", "object_repr": "Scott Heekin-Canedy, President & General Manager, The New York Times", "object_id": "51", "change_message": "", "user": 1, "content_type": 11}}, {"pk": 91, "model": "admin.logentry", "fields": {"action_flag": 2, "action_time": "2012-06-10T20:27:41.942Z", "object_repr": "Mike Higgins -- reports to --> Marc Frons", "object_id": "4", "change_message": "Changed supervisor.", "user": 1, "content_type": 12}}, {"pk": 90, "model": "admin.logentry", "fields": {"action_flag": 2, "action_time": "2012-06-10T20:27:14.510Z", "object_repr": "Mike Higgins -- reports to --> Rajiv Pant", "object_id": "4", "change_message": "Changed supervisor.", "user": 1, "content_type": 12}}, {"pk": 89, "model": "admin.logentry", "fields": {"action_flag": 2, "action_time": "2012-06-06T15:53:40.756Z", "object_repr": "Lilia Tovbin -- reports to --> TBD", "object_id": "46", "change_message": "Changed supervisor.", "user": 1, "content_type": 12}}, {"pk": 88, "model": "admin.logentry", "fields": {"action_flag": 3, "action_time": "2012-06-06T15:45:51.053Z", "object_repr": "rajiv@nytimes.com", "object_id": "6", "change_message": "", "user": 1, "content_type": 3}}, {"pk": 87, "model": "admin.logentry", "fields": {"action_flag": 2, "action_time": "2012-05-25T19:38:04.151Z", "object_repr": "Brian Murphy, VP Engineering", "object_id": "4", "change_message": "Added reporting relationship \"Mike Finkel -- reports to --> Brian Murphy\". Added reporting relationship \"Jon Oden -- reports to --> Brian Murphy\".", "user": 1, "content_type": 11}}, {"pk": 86, "model": "admin.logentry", "fields": {"action_flag": 1, "action_time": "2012-05-25T19:37:42.099Z", "object_repr": "Jon Oden, Director, Technology", "object_id": "50", "change_message": "", "user": 1, "content_type": 11}}, {"pk": 85, "model": "admin.logentry", "fields": {"action_flag": 1, "action_time": "2012-05-25T19:37:27.692Z", "object_repr": "Mike Finkel, Executive Director, Technology", "object_id": "49", "change_message": "", "user": 1, "content_type": 11}}, {"pk": 84, "model": "admin.logentry", "fields": {"action_flag": 3, "action_time": "2012-05-25T19:36:09.952Z", "object_repr": "Lilia Tovbin -- reports to --> TBD", "object_id": "40", "change_message": "", "user": 1, "content_type": 12}}, {"pk": 83, "model": "admin.logentry", "fields": {"action_flag": 2, "action_time": "2012-05-25T19:35:15.089Z", "object_repr": "Cameron Brown, Director, Ecommerce Technology", "object_id": "12", "change_message": "Added reporting relationship \"Lilia Tovbin -- reports to --> Cameron Brown\".", "user": 1, "content_type": 11}}, {"pk": 82, "model": "admin.logentry", "fields": {"action_flag": 2, "action_time": "2012-05-25T19:34:13.212Z", "object_repr": "Brian Murphy, VP Engineering", "object_id": "4", "change_message": "Added reporting relationship \"Ben Gerst -- reports to --> Brian Murphy\".", "user": 1, "content_type": 11}}, {"pk": 81, "model": "admin.logentry", "fields": {"action_flag": 1, "action_time": "2012-05-25T19:34:00.174Z", "object_repr": "Ben Gerst, Executive Director, Technology", "object_id": "48", "change_message": "", "user": 1, "content_type": 11}}, {"pk": 80, "model": "admin.logentry", "fields": {"action_flag": 1, "action_time": "2012-05-25T19:32:18.968Z", "object_repr": "Russ Simpkins, Manager, Technology", "object_id": "47", "change_message": "", "user": 1, "content_type": 11}}, {"pk": 79, "model": "admin.logentry", "fields": {"action_flag": 2, "action_time": "2012-05-23T16:36:04.002Z", "object_repr": "Tahir Khan, Director, Business Intelligence", "object_id": "34", "change_message": "Added reporting relationship \"Chris Utz -- reports to --> Tahir Khan\". Added reporting relationship \"Sharon Sokoloff -- reports to --> Tahir Khan\".", "user": 1, "content_type": 11}}, {"pk": 78, "model": "admin.logentry", "fields": {"action_flag": 1, "action_time": "2012-05-23T16:35:59.978Z", "object_repr": "Sharon Sokoloff, Director, Data Warehousing", "object_id": "46", "change_message": "", "user": 1, "content_type": 11}}, {"pk": 77, "model": "admin.logentry", "fields": {"action_flag": 1, "action_time": "2012-05-23T16:35:56.340Z", "object_repr": "Satya, Database Engineer", "object_id": "45", "change_message": "", "user": 1, "content_type": 11}}, {"pk": 76, "model": "admin.logentry", "fields": {"action_flag": 1, "action_time": "2012-05-23T16:34:56.675Z", "object_repr": "Chris Utz, Sr. Software Architect", "object_id": "44", "change_message": "", "user": 1, "content_type": 11}}, {"pk": 75, "model": "admin.logentry", "fields": {"action_flag": 2, "action_time": "2012-05-23T14:21:38.180Z", "object_repr": "David Wang, Sr. Database Administrator", "object_id": "29", "change_message": "Changed contractor.", "user": 1, "content_type": 11}}, {"pk": 74, "model": "admin.logentry", "fields": {"action_flag": 2, "action_time": "2012-05-23T14:20:37.796Z", "object_repr": "Mike Wilson, Director, Porfolio Management Office", "object_id": "16", "change_message": "Changed part_time_status.", "user": 1, "content_type": 11}}, {"pk": 73, "model": "admin.logentry", "fields": {"action_flag": 2, "action_time": "2012-05-23T12:51:45.406Z", "object_repr": "Judy Gross, VP, Strategy", "object_id": "17", "change_message": "Changed job_title.", "user": 1, "content_type": 11}}, {"pk": 72, "model": "admin.logentry", "fields": {"action_flag": 1, "action_time": "2012-05-23T12:47:59.197Z", "object_repr": "Rachel Berger, Associate Director, Program Management", "object_id": "43", "change_message": "", "user": 1, "content_type": 11}}, {"pk": 71, "model": "admin.logentry", "fields": {"action_flag": 1, "action_time": "2012-05-23T12:47:26.271Z", "object_repr": "Luke Vnenchak, Director, CMS", "object_id": "42", "change_message": "", "user": 1, "content_type": 11}}, {"pk": 70, "model": "admin.logentry", "fields": {"action_flag": 1, "action_time": "2012-05-23T12:46:59.922Z", "object_repr": "Mark Gmunder, Print Publishing, News & Marketing Systems", "object_id": "41", "change_message": "", "user": 1, "content_type": 11}}, {"pk": 69, "model": "admin.logentry", "fields": {"action_flag": 2, "action_time": "2012-05-23T12:44:15.723Z", "object_repr": "TBD, VP, Ecommerce Technology", "object_id": "38", "change_message": "Added reporting relationship \"Ian Moore -- reports to --> TBD\". Added reporting relationship \"Lilia Tovbin -- reports to --> TBD\".", "user": 1, "content_type": 11}}, {"pk": 68, "model": "admin.logentry", "fields": {"action_flag": 1, "action_time": "2012-05-23T12:44:12.771Z", "object_repr": "Lilia Tovbin, Associate Director", "object_id": "40", "change_message": "", "user": 1, "content_type": 11}}, {"pk": 67, "model": "admin.logentry", "fields": {"action_flag": 1, "action_time": "2012-05-23T12:44:00.504Z", "object_repr": "Ian Moore, Group Director", "object_id": "39", "change_message": "", "user": 1, "content_type": 11}}, {"pk": 66, "model": "admin.logentry", "fields": {"action_flag": 3, "action_time": "2012-05-23T12:34:58.302Z", "object_repr": "Cameron Brown -- reports to --> Rajiv Pant", "object_id": "11", "change_message": "", "user": 1, "content_type": 12}}, {"pk": 65, "model": "admin.logentry", "fields": {"action_flag": 2, "action_time": "2012-05-23T12:34:06.712Z", "object_repr": "Rajiv Pant, CTO, VP", "object_id": "2", "change_message": "Added reporting relationship \"TBD -- reports to --> Rajiv Pant\".", "user": 1, "content_type": 11}}, {"pk": 64, "model": "admin.logentry", "fields": {"action_flag": 1, "action_time": "2012-05-23T12:33:55.898Z", "object_repr": "TBD, VP, Ecommerce Technology", "object_id": "38", "change_message": "", "user": 1, "content_type": 11}}, {"pk": 63, "model": "admin.logentry", "fields": {"action_flag": 2, "action_time": "2012-05-23T12:33:10.586Z", "object_repr": "Rajiv Pant, CTO, VP", "object_id": "2", "change_message": "Added reporting relationship \"Aron Pihofer -- reports to --> Rajiv Pant\". Added reporting relationship \"Brad Kagawa -- reports to --> Rajiv Pant\". Added reporting relationship \"Tahir Khan -- reports to --> Rajiv Pant\". Added reporting relationship \"Greg Felice -- reports to --> Rajiv Pant\". Added reporting relationship \"Anniesa Singh -- reports to --> Rajiv Pant\".", "user": 1, "content_type": 11}}, {"pk": 62, "model": "admin.logentry", "fields": {"action_flag": 1, "action_time": "2012-05-23T12:33:00.452Z", "object_repr": "Anniesa Singh, Administrative Assitant", "object_id": "37", "change_message": "", "user": 1, "content_type": 11}}, {"pk": 61, "model": "admin.logentry", "fields": {"action_flag": 1, "action_time": "2012-05-23T12:32:11.747Z", "object_repr": "Greg Felice, Sr. Manager, Process Architecture", "object_id": "36", "change_message": "", "user": 1, "content_type": 11}}, {"pk": 60, "model": "admin.logentry", "fields": {"action_flag": 1, "action_time": "2012-05-23T12:32:09.521Z", "object_repr": "Jason Phelps, Manager", "object_id": "35", "change_message": "", "user": 1, "content_type": 11}}, {"pk": 59, "model": "admin.logentry", "fields": {"action_flag": 1, "action_time": "2012-05-23T12:31:26.242Z", "object_repr": "Tahir Khan, Director, Business Intelligence", "object_id": "34", "change_message": "", "user": 1, "content_type": 11}}, {"pk": 58, "model": "admin.logentry", "fields": {"action_flag": 1, "action_time": "2012-05-23T12:31:03.822Z", "object_repr": "Brad Kagawa, VP Technology, Print & Digital Editorial Systems", "object_id": "33", "change_message": "", "user": 1, "content_type": 11}}, {"pk": 57, "model": "admin.logentry", "fields": {"action_flag": 1, "action_time": "2012-05-23T12:30:11.411Z", "object_repr": "Aron Pihofer, Executive Director & Editor, Interactive News", "object_id": "32", "change_message": "", "user": 1, "content_type": 11}}, {"pk": 56, "model": "admin.logentry", "fields": {"action_flag": 1, "action_time": "2012-05-23T12:30:08.021Z", "object_repr": "Tyson Evans, Interactive News", "object_id": "31", "change_message": "", "user": 1, "content_type": 11}}, {"pk": 55, "model": "admin.logentry", "fields": {"action_flag": 1, "action_time": "2012-05-23T12:29:54.132Z", "object_repr": "Brian Hamman, Interactive News", "object_id": "30", "change_message": "", "user": 1, "content_type": 11}}, {"pk": 54, "model": "admin.logentry", "fields": {"action_flag": 2, "action_time": "2012-05-23T12:26:11.898Z", "object_repr": "Karim Meddahi, VP Infrastructure", "object_id": "3", "change_message": "Added reporting relationship \"Brian Weigler -- reports to --> Karim Meddahi\". Added reporting relationship \"Felix Favorito -- reports to --> Karim Meddahi\". Added reporting relationship \"Joel Beglieter -- reports to --> Karim Meddahi\". Added reporting relationship \"Vadim Jelezniakov -- reports to --> Karim Meddahi\". Added reporting relationship \"Stephen Balducci -- reports to --> Karim Meddahi\". Added reporting relationship \"Alex Castro -- reports to --> Karim Meddahi\". Added reporting relationship \"David Wang -- reports to --> Karim Meddahi\".", "user": 1, "content_type": 11}}, {"pk": 53, "model": "admin.logentry", "fields": {"action_flag": 1, "action_time": "2012-05-23T12:26:09.531Z", "object_repr": "David Wang, Sr. Database Administrator", "object_id": "29", "change_message": "", "user": 1, "content_type": 11}}, {"pk": 52, "model": "admin.logentry", "fields": {"action_flag": 1, "action_time": "2012-05-23T12:25:48.987Z", "object_repr": "Alex Castro, Network Administration", "object_id": "28", "change_message": "", "user": 1, "content_type": 11}}, {"pk": 51, "model": "admin.logentry", "fields": {"action_flag": 1, "action_time": "2012-05-23T12:25:21.919Z", "object_repr": "Stephen Balducci, Shared Services & Program Management", "object_id": "27", "change_message": "", "user": 1, "content_type": 11}}, {"pk": 50, "model": "admin.logentry", "fields": {"action_flag": 1, "action_time": "2012-05-23T12:24:37.716Z", "object_repr": "Vadim Jelezniakov, Executive Director, nytimes.com Infrastructure", "object_id": "26", "change_message": "", "user": 1, "content_type": 11}}, {"pk": 49, "model": "admin.logentry", "fields": {"action_flag": 1, "action_time": "2012-05-23T12:24:07.649Z", "object_repr": "Joel Beglieter, Enterprise Hosting & Computing Services", "object_id": "25", "change_message": "", "user": 1, "content_type": 11}}, {"pk": 48, "model": "admin.logentry", "fields": {"action_flag": 1, "action_time": "2012-05-23T12:23:28.645Z", "object_repr": "Felix Favorito, Enterprise Network & Storage Services", "object_id": "24", "change_message": "", "user": 1, "content_type": 11}}, {"pk": 47, "model": "admin.logentry", "fields": {"action_flag": 1, "action_time": "2012-05-23T12:19:54.841Z", "object_repr": "Brian Weigler, End User Services", "object_id": "23", "change_message": "", "user": 1, "content_type": 11}}, {"pk": 46, "model": "admin.logentry", "fields": {"action_flag": 2, "action_time": "2012-05-23T12:18:48.496Z", "object_repr": "Marc Frons, CIO, SVP", "object_id": "1", "change_message": "Added reporting relationship \"Brian Davenport -- dotted reports to --> Marc Frons\". Added reporting relationship \"Marguerite Brown-Toohey -- dotted reports to --> Marc Frons\". Added reporting relationship \"Karen Schmidt -- reports to --> Marc Frons\".", "user": 1, "content_type": 11}}, {"pk": 45, "model": "admin.logentry", "fields": {"action_flag": 1, "action_time": "2012-05-23T12:18:45.023Z", "object_repr": "Karen Schmidt, Office Manager & Executive Assistant", "object_id": "22", "change_message": "", "user": 1, "content_type": 11}}, {"pk": 44, "model": "admin.logentry", "fields": {"action_flag": 1, "action_time": "2012-05-23T12:18:02.262Z", "object_repr": "Marguerite Brown-Toohey, Financial Director", "object_id": "21", "change_message": "", "user": 1, "content_type": 11}}, {"pk": 43, "model": "admin.logentry", "fields": {"action_flag": 1, "action_time": "2012-05-23T12:16:53.121Z", "object_repr": "Brian Davenport, Managing Director, Shared Services Center", "object_id": "20", "change_message": "", "user": 1, "content_type": 11}}, {"pk": 42, "model": "admin.logentry", "fields": {"action_flag": 2, "action_time": "2012-05-23T11:23:09.300Z", "object_repr": "Marc Frons, CIO, SVP", "object_id": "1", "change_message": "Added reporting relationship \"Cindy Taibi -- reports to --> Marc Frons\". Added reporting relationship \"Mike Wilson -- reports to --> Marc Frons\". Added reporting relationship \"Judy Gross -- reports to --> Marc Frons\". Added reporting relationship \"David Perpich -- reports to --> Marc Frons\". Added reporting relationship \"Rob Larson -- reports to --> Marc Frons\".", "user": 1, "content_type": 11}}, {"pk": 41, "model": "admin.logentry", "fields": {"action_flag": 1, "action_time": "2012-05-23T11:22:53.350Z", "object_repr": "Rob Larson, VP, Search & Digital Production", "object_id": "19", "change_message": "", "user": 1, "content_type": 11}}, {"pk": 40, "model": "admin.logentry", "fields": {"action_flag": 1, "action_time": "2012-05-23T11:22:33.242Z", "object_repr": "David Perpich, VP, Product", "object_id": "18", "change_message": "", "user": 1, "content_type": 11}}, {"pk": 39, "model": "admin.logentry", "fields": {"action_flag": 1, "action_time": "2012-05-23T11:22:09.190Z", "object_repr": "Judy Gross, VP, Porfolio Management Office", "object_id": "17", "change_message": "", "user": 1, "content_type": 11}}, {"pk": 38, "model": "admin.logentry", "fields": {"action_flag": 1, "action_time": "2012-05-23T11:21:55.028Z", "object_repr": "Mike Wilson, Director, Porfolio Management Office", "object_id": "16", "change_message": "", "user": 1, "content_type": 11}}, {"pk": 37, "model": "admin.logentry", "fields": {"action_flag": 1, "action_time": "2012-05-23T11:21:26.234Z", "object_repr": "Cindy Taibi, Group Director, Advertising & Business Technology", "object_id": "15", "change_message": "", "user": 1, "content_type": 11}}, {"pk": 36, "model": "admin.logentry", "fields": {"action_flag": 1, "action_time": "2012-05-23T11:21:18.521Z", "object_repr": "John Tighe, Managing Director, Business Systems", "object_id": "14", "change_message": "", "user": 1, "content_type": 11}}, {"pk": 35, "model": "admin.logentry", "fields": {"action_flag": 1, "action_time": "2012-05-23T11:20:49.626Z", "object_repr": "Deepak Mohite, Managing Director, Advertising Technology", "object_id": "13", "change_message": "", "user": 1, "content_type": 11}}, {"pk": 34, "model": "admin.logentry", "fields": {"action_flag": 2, "action_time": "2012-05-23T11:18:33.650Z", "object_repr": "Rajiv Pant, CTO, VP", "object_id": "2", "change_message": "Added reporting relationship \"Mark O'Callaghan -- reports to --> Rajiv Pant\". Added reporting relationship \"Jagdish Reddy -- reports to --> Rajiv Pant\". Added reporting relationship \"Cameron Brown -- reports to --> Rajiv Pant\".", "user": 1, "content_type": 11}}, {"pk": 33, "model": "admin.logentry", "fields": {"action_flag": 1, "action_time": "2012-05-23T11:18:31.179Z", "object_repr": "Cameron Brown, Director, Ecommerce Technology", "object_id": "12", "change_message": "", "user": 1, "content_type": 11}}, {"pk": 32, "model": "admin.logentry", "fields": {"action_flag": 1, "action_time": "2012-05-23T11:17:43.903Z", "object_repr": "Jagdish Reddy, Director, Quality", "object_id": "11", "change_message": "", "user": 1, "content_type": 11}}, {"pk": 31, "model": "admin.logentry", "fields": {"action_flag": 1, "action_time": "2012-05-23T11:16:25.701Z", "object_repr": "Mark O'Callaghan, Director, Project Management", "object_id": "10", "change_message": "", "user": 1, "content_type": 11}}, {"pk": 30, "model": "admin.logentry", "fields": {"action_flag": 1, "action_time": "2012-05-23T11:16:21.050Z", "object_repr": "Jim Dryfoos, Associate Director, Project Management", "object_id": "9", "change_message": "", "user": 1, "content_type": 11}}, {"pk": 29, "model": "admin.logentry", "fields": {"action_flag": 1, "action_time": "2012-05-23T01:37:01.206Z", "object_repr": "Marc Frons -- reports to --> Denise Warren", "object_id": "7", "change_message": "", "user": 1, "content_type": 12}}, {"pk": 28, "model": "admin.logentry", "fields": {"action_flag": 1, "action_time": "2012-05-23T01:36:57.514Z", "object_repr": "Denise Warren, SVP", "object_id": "8", "change_message": "", "user": 1, "content_type": 11}}, {"pk": 27, "model": "admin.logentry", "fields": {"action_flag": 2, "action_time": "2012-05-23T00:26:57.130Z", "object_repr": "NYTimes Admins", "object_id": "1", "change_message": "No fields changed.", "user": 1, "content_type": 2}}, {"pk": 26, "model": "admin.logentry", "fields": {"action_flag": 1, "action_time": "2012-05-23T00:26:48.576Z", "object_repr": "NYTimes Admins", "object_id": "1", "change_message": "", "user": 1, "content_type": 2}}, {"pk": 25, "model": "admin.logentry", "fields": {"action_flag": 2, "action_time": "2012-05-23T00:25:22.805Z", "object_repr": "sharon.jacobs@nytimes.com", "object_id": "5", "change_message": "Changed password, first_name, last_name and email.", "user": 1, "content_type": 3}}, {"pk": 24, "model": "admin.logentry", "fields": {"action_flag": 1, "action_time": "2012-05-23T00:25:04.102Z", "object_repr": "sharon.jacobs@nytimes.com", "object_id": "5", "change_message": "", "user": 1, "content_type": 3}}, {"pk": 23, "model": "admin.logentry", "fields": {"action_flag": 2, "action_time": "2012-05-23T00:24:09.360Z", "object_repr": "matt.haradon@nytimes.com", "object_id": "4", "change_message": "Changed password, first_name, last_name and email.", "user": 1, "content_type": 3}}, {"pk": 22, "model": "admin.logentry", "fields": {"action_flag": 1, "action_time": "2012-05-23T00:23:53.938Z", "object_repr": "matt.haradon@nytimes.com", "object_id": "4", "change_message": "", "user": 1, "content_type": 3}}, {"pk": 21, "model": "admin.logentry", "fields": {"action_flag": 2, "action_time": "2012-05-23T00:23:23.919Z", "object_repr": "tahir.khan@nytimes.com", "object_id": "3", "change_message": "Changed password, first_name, last_name and email.", "user": 1, "content_type": 3}}, {"pk": 20, "model": "admin.logentry", "fields": {"action_flag": 1, "action_time": "2012-05-23T00:22:57.100Z", "object_repr": "tahir.khan@nytimes.com", "object_id": "3", "change_message": "", "user": 1, "content_type": 3}}, {"pk": 19, "model": "admin.logentry", "fields": {"action_flag": 2, "action_time": "2012-05-23T00:22:01.839Z", "object_repr": "rajiv.pant@nytimes.com", "object_id": "1", "change_message": "Changed username, password, first_name and last_name.", "user": 1, "content_type": 3}}, {"pk": 18, "model": "admin.logentry", "fields": {"action_flag": 2, "action_time": "2012-05-23T00:21:28.139Z", "object_repr": "marc.frons@nytimes.com", "object_id": "2", "change_message": "Changed password, first_name, last_name and email.", "user": 1, "content_type": 3}}, {"pk": 17, "model": "admin.logentry", "fields": {"action_flag": 1, "action_time": "2012-05-23T00:20:47.382Z", "object_repr": "marc.frons@nytimes.com", "object_id": "2", "change_message": "", "user": 1, "content_type": 3}}, {"pk": 16, "model": "admin.logentry", "fields": {"action_flag": 1, "action_time": "2012-05-22T22:05:30.174Z", "object_repr": "Rajiv Pant -- reports to --> Jill Abramson", "object_id": "6", "change_message": "", "user": 1, "content_type": 12}}, {"pk": 15, "model": "admin.logentry", "fields": {"action_flag": 1, "action_time": "2012-05-22T22:05:03.924Z", "object_repr": "Jill Abramson, Executive Editor", "object_id": "7", "change_message": "", "user": 1, "content_type": 11}}, {"pk": 14, "model": "admin.logentry", "fields": {"action_flag": 1, "action_time": "2012-05-22T21:57:43.570Z", "object_repr": "ReportingRelationship object", "object_id": "5", "change_message": "", "user": 1, "content_type": 12}}, {"pk": 13, "model": "admin.logentry", "fields": {"action_flag": 1, "action_time": "2012-05-22T21:57:35.060Z", "object_repr": "ReportingRelationship object", "object_id": "4", "change_message": "", "user": 1, "content_type": 12}}, {"pk": 12, "model": "admin.logentry", "fields": {"action_flag": 1, "action_time": "2012-05-22T21:57:26.335Z", "object_repr": "ReportingRelationship object", "object_id": "3", "change_message": "", "user": 1, "content_type": 12}}, {"pk": 11, "model": "admin.logentry", "fields": {"action_flag": 1, "action_time": "2012-05-22T21:57:18.009Z", "object_repr": "ReportingRelationship object", "object_id": "2", "change_message": "", "user": 1, "content_type": 12}}, {"pk": 10, "model": "admin.logentry", "fields": {"action_flag": 1, "action_time": "2012-05-22T21:57:03.934Z", "object_repr": "ReportingRelationship object", "object_id": "1", "change_message": "", "user": 1, "content_type": 12}}, {"pk": 9, "model": "admin.logentry", "fields": {"action_flag": 1, "action_time": "2012-05-22T21:54:27.273Z", "object_repr": "Gary Sebel, Director, Security", "object_id": "6", "change_message": "", "user": 1, "content_type": 11}}, {"pk": 8, "model": "admin.logentry", "fields": {"action_flag": 1, "action_time": "2012-05-22T21:54:11.495Z", "object_repr": "Mike Higgins, Chief Security Officer, VP", "object_id": "5", "change_message": "", "user": 1, "content_type": 11}}, {"pk": 7, "model": "admin.logentry", "fields": {"action_flag": 1, "action_time": "2012-05-22T21:53:48.738Z", "object_repr": "Brian Murphy, VP Engineering", "object_id": "4", "change_message": "", "user": 1, "content_type": 11}}, {"pk": 6, "model": "admin.logentry", "fields": {"action_flag": 1, "action_time": "2012-05-22T21:53:38.210Z", "object_repr": "Karim Meddahi, VP Infrastructure", "object_id": "3", "change_message": "", "user": 1, "content_type": 11}}, {"pk": 5, "model": "admin.logentry", "fields": {"action_flag": 1, "action_time": "2012-05-22T21:53:25.217Z", "object_repr": "Rajiv Pant, CTO, VP", "object_id": "2", "change_message": "", "user": 1, "content_type": 11}}, {"pk": 4, "model": "admin.logentry", "fields": {"action_flag": 1, "action_time": "2012-05-22T21:53:17.350Z", "object_repr": "Marc Frons, CIO, SVP", "object_id": "1", "change_message": "", "user": 1, "content_type": 11}}, {"pk": 3, "model": "admin.logentry", "fields": {"action_flag": 1, "action_time": "2012-05-22T18:46:41.253Z", "object_repr": "Karim Meddahi, VP Infrastructure", "object_id": "3", "change_message": "", "user": 1, "content_type": 11}}, {"pk": 2, "model": "admin.logentry", "fields": {"action_flag": 1, "action_time": "2012-05-22T16:28:28.653Z", "object_repr": "Rajiv Pant", "object_id": "2", "change_message": "", "user": 1, "content_type": 11}}, {"pk": 1, "model": "admin.logentry", "fields": {"action_flag": 1, "action_time": "2012-05-22T16:28:21.457Z", "object_repr": "Marc Frons", "object_id": "1", "change_message": "", "user": 1, "content_type": 11}}]